{
"type": "FeatureCollection",
"name": "departements",
"crs": { "type": "name", "properties": { "name": "urn:ogc:def:crs:OGC:1.3:CRS84" } },
"features": [
{ "type": "Feature", "properties": { "nom": "Aisne", "code": "02", "is_drom": false }, "geometry": { "type": "MultiPolygon", "coordinates": [ [ [ [ 3.1727, 50.012 ], [ 3.19267, 49.97746 ], [ 3.11797, 49.91427 ], [ 3.07869, 49.82241 ], [ 3.09375, 49.75705 ], [ 3.1184, 49.70596 ], [ 3.12735, 49.66956 ], [ 3.09778, 49.65669 ], [ 3.12201, 49.60374 ], [ 3.13147, 49.54338 ], [ 3.09578, 49.5134 ], [ 3.16058, 49.45159 ], [ 3.09378, 49.43374 ], [ 3.09538, 49.37712 ], [ 3.04291, 49.33357 ], [ 3.00151, 49.34002 ], [ 2.9744, 49.30234 ], [ 3.02689, 49.27553 ], [ 3.06408, 49.19274 ], [ 3.11685, 49.18929 ], [ 3.13966, 49.15258 ], [ 3.07188, 49.11755 ], [ 3.16523, 49.09965 ], [ 3.18184, 49.06207 ], [ 3.17168, 49.01413 ], [ 3.30475, 48.94877 ], [ 3.33029, 48.90871 ], [ 3.40322, 48.86469 ], [ 3.48518, 48.85191 ], [ 3.52857, 48.91214 ], [ 3.6016, 48.94407 ], [ 3.63989, 49.00409 ], [ 3.64631, 49.04059 ], [ 3.60001, 49.12069 ], [ 3.62225, 49.15111 ], [ 3.74877, 49.15709 ], [ 3.70439, 49.18137 ], [ 3.67078, 49.2396 ], [ 3.64696, 49.31515 ], [ 3.75782, 49.3476 ], [ 3.84748, 49.36459 ], [ 3.92444, 49.40618 ], [ 3.96131, 49.37735 ], [ 4.0355, 49.35991 ], [ 4.04797, 49.40564 ], [ 4.03767, 49.43826 ], [ 4.04071, 49.50853 ], [ 4.07584, 49.51835 ], [ 4.07657, 49.57113 ], [ 4.0314, 49.61429 ], [ 4.04325, 49.63615 ], [ 4.09931, 49.62848 ], [ 4.12703, 49.67792 ], [ 4.1783, 49.69804 ], [ 4.25009, 49.7571 ], [ 4.20959, 49.78178 ], [ 4.22349, 49.83376 ], [ 4.24851, 49.85652 ], [ 4.25406, 49.904 ], [ 4.21871, 49.92069 ], [ 4.23306, 49.95782 ], [ 4.14089, 49.97876 ], [ 4.08713, 49.96919 ], [ 4.05669, 49.98543 ], [ 3.98038, 49.99538 ], [ 3.98955, 50.04134 ], [ 3.9235, 50.02643 ], [ 3.74638, 50.05361 ], [ 3.71518, 50.06927 ], [ 3.61364, 50.02541 ], [ 3.54485, 50.05379 ], [ 3.49136, 50.01886 ], [ 3.35299, 50.03586 ], [ 3.33711, 50.0174 ], [ 3.28017, 50.01518 ], [ 3.23054, 50.03131 ], [ 3.1727, 50.012 ] ] ] ] } },
{ "type": "Feature", "properties": { "nom": "Aube", "code": "10", "is_drom": false }, "geometry": { "type": "MultiPolygon", "coordinates": [ [ [ [ 3.41479, 48.39027 ], [ 3.49815, 48.3691 ], [ 3.6168, 48.27134 ], [ 3.62161, 48.22574 ], [ 3.57518, 48.18874 ], [ 3.6415, 48.18393 ], [ 3.66787, 48.13921 ], [ 3.7403, 48.16971 ], [ 3.80497, 48.10255 ], [ 3.85003, 47.98379 ], [ 3.9147, 47.9757 ], [ 3.90209, 47.93917 ], [ 4.11178, 47.927 ], [ 4.19915, 47.96994 ], [ 4.24811, 47.92926 ], [ 4.29342, 47.92567 ], [ 4.309, 47.96117 ], [ 4.41435, 47.96821 ], [ 4.449, 47.95715 ], [ 4.55996, 47.97142 ], [ 4.53582, 48.00121 ], [ 4.58267, 48.02946 ], [ 4.67323, 48.01506 ], [ 4.70423, 48.02024 ], [ 4.68882, 48.07313 ], [ 4.73061, 48.11821 ], [ 4.81931, 48.10319 ], [ 4.8501, 48.14176 ], [ 4.83795, 48.16896 ], [ 4.86317, 48.20198 ], [ 4.84321, 48.24711 ], [ 4.85891, 48.26364 ], [ 4.81421, 48.32301 ], [ 4.80974, 48.34736 ], [ 4.75472, 48.36668 ], [ 4.7161, 48.39485 ], [ 4.65346, 48.47055 ], [ 4.67019, 48.53188 ], [ 4.61403, 48.55381 ], [ 4.54541, 48.52525 ], [ 4.40307, 48.56126 ], [ 4.31591, 48.61558 ], [ 4.3256, 48.70028 ], [ 4.29545, 48.71317 ], [ 4.23305, 48.70231 ], [ 4.16638, 48.70745 ], [ 4.13109, 48.68615 ], [ 4.08026, 48.70107 ], [ 4.05591, 48.66708 ], [ 4.00169, 48.66388 ], [ 3.94923, 48.60343 ], [ 3.90006, 48.57484 ], [ 3.85425, 48.57722 ], [ 3.86079, 48.53388 ], [ 3.82274, 48.51611 ], [ 3.73088, 48.53747 ], [ 3.63402, 48.5413 ], [ 3.55561, 48.62029 ], [ 3.50385, 48.60481 ], [ 3.46552, 48.57048 ], [ 3.4796, 48.54471 ], [ 3.42345, 48.53356 ], [ 3.42035, 48.49155 ], [ 3.39196, 48.42432 ], [ 3.41479, 48.39027 ] ] ] ] } },
{ "type": "Feature", "properties": { "nom": "Calvados", "code": "14", "is_drom": false }, "geometry": { "type": "MultiPolygon", "coordinates": [ [ [ [ -1.11962, 49.35557 ], [ -1.13954, 49.30987 ], [ -1.11342, 49.26133 ], [ -1.02267, 49.20339 ], [ -0.97546, 49.19216 ], [ -0.92058, 49.22107 ], [ -0.90088, 49.20297 ], [ -0.93145, 49.14558 ], [ -0.8866, 49.12943 ], [ -0.86909, 49.0679 ], [ -0.94273, 48.96771 ], [ -0.9999, 48.94985 ], [ -1.05653, 48.95844 ], [ -1.06648, 48.93011 ], [ -1.01374, 48.91596 ], [ -1.07118, 48.87029 ], [ -1.13262, 48.84885 ], [ -1.08947, 48.78152 ], [ -1.01024, 48.77401 ], [ -0.96706, 48.78608 ], [ -0.84094, 48.75222 ], [ -0.78062, 48.78665 ], [ -0.71469, 48.79987 ], [ -0.65724, 48.83905 ], [ -0.62644, 48.82681 ], [ -0.54452, 48.84789 ], [ -0.49405, 48.84857 ], [ -0.46376, 48.87137 ], [ -0.41152, 48.87014 ], [ -0.34624, 48.822 ], [ -0.30593, 48.8583 ], [ -0.14635, 48.83445 ], [ -0.05881, 48.85359 ], [ -0.00986, 48.8838 ], [ 0.0564, 48.90246 ], [ 0.07095, 48.93212 ], [ 0.1276, 48.95222 ], [ 0.15647, 48.92479 ], [ 0.2422, 48.94448 ], [ 0.27563, 48.96474 ], [ 0.33377, 48.94288 ], [ 0.37731, 48.97256 ], [ 0.41281, 48.95063 ], [ 0.43675, 49.00819 ], [ 0.42589, 49.03196 ], [ 0.37767, 49.04945 ], [ 0.42487, 49.1302 ], [ 0.39469, 49.15011 ], [ 0.39472, 49.20844 ], [ 0.33742, 49.23148 ], [ 0.38278, 49.26402 ], [ 0.36621, 49.29499 ], [ 0.32302, 49.29699 ], [ 0.32343, 49.34064 ], [ 0.30171, 49.37131 ], [ 0.29722, 49.42986 ], [ 0.21994, 49.42676 ], [ 0.11039, 49.39427 ], [ 0.04981, 49.35086 ], [ -0.01337, 49.3212 ], [ -0.0996, 49.2976 ], [ -0.22569, 49.28182 ], [ -0.30257, 49.29844 ], [ -0.41485, 49.33558 ], [ -0.51531, 49.34502 ], [ -0.59418, 49.34075 ], [ -0.72224, 49.347 ], [ -0.85116, 49.36255 ], [ -0.93938, 49.39504 ], [ -1.07822, 49.38849 ], [ -1.11962, 49.35557 ] ] ] ] } },
{ "type": "Feature", "properties": { "nom": "Cantal", "code": "15", "is_drom": false }, "geometry": { "type": "MultiPolygon", "coordinates": [ [ [ [ 2.50841, 45.4785 ], [ 2.48747, 45.41884 ], [ 2.52273, 45.38208 ], [ 2.44187, 45.38426 ], [ 2.37825, 45.4143 ], [ 2.35048, 45.32756 ], [ 2.31774, 45.32296 ], [ 2.27141, 45.29015 ], [ 2.24134, 45.24943 ], [ 2.19536, 45.22085 ], [ 2.2137, 45.16019 ], [ 2.17176, 45.0815 ], [ 2.14565, 45.08559 ], [ 2.09516, 45.05603 ], [ 2.13298, 44.98552 ], [ 2.06291, 44.9765 ], [ 2.09421, 44.87201 ], [ 2.17164, 44.79003 ], [ 2.1535, 44.7531 ], [ 2.1553, 44.70024 ], [ 2.17915, 44.67445 ], [ 2.16942, 44.63807 ], [ 2.20747, 44.61553 ], [ 2.20842, 44.64384 ], [ 2.32679, 44.66969 ], [ 2.435, 44.63887 ], [ 2.48319, 44.65034 ], [ 2.49892, 44.68702 ], [ 2.55612, 44.72128 ], [ 2.56271, 44.77576 ], [ 2.59936, 44.79281 ], [ 2.60268, 44.84316 ], [ 2.70643, 44.90722 ], [ 2.73826, 44.94122 ], [ 2.80196, 44.87363 ], [ 2.84965, 44.87149 ], [ 2.87957, 44.80301 ], [ 2.93452, 44.7792 ], [ 2.92327, 44.72864 ], [ 2.94873, 44.67298 ], [ 2.98168, 44.64467 ], [ 3.06152, 44.81717 ], [ 3.09948, 44.83358 ], [ 3.10549, 44.88677 ], [ 3.1411, 44.90332 ], [ 3.18232, 44.86374 ], [ 3.21596, 44.87504 ], [ 3.24969, 44.91624 ], [ 3.28602, 44.92638 ], [ 3.36135, 44.97141 ], [ 3.34719, 45.01423 ], [ 3.29725, 45.03608 ], [ 3.32579, 45.09514 ], [ 3.28803, 45.12042 ], [ 3.23957, 45.21695 ], [ 3.22246, 45.27197 ], [ 3.16776, 45.27017 ], [ 3.118, 45.28419 ], [ 3.1035, 45.35437 ], [ 3.06027, 45.33059 ], [ 3.05856, 45.30657 ], [ 3.01671, 45.28712 ], [ 2.94862, 45.30912 ], [ 2.92155, 45.36578 ], [ 2.85237, 45.39234 ], [ 2.71485, 45.38156 ], [ 2.65143, 45.44266 ], [ 2.59038, 45.45005 ], [ 2.54396, 45.47898 ], [ 2.50841, 45.4785 ] ] ] ] } },
{ "type": "Feature", "properties": { "nom": "Eure-et-Loir", "code": "28", "is_drom": false }, "geometry": { "type": "MultiPolygon", "coordinates": [ [ [ [ 0.81482, 48.67016 ], [ 0.85064, 48.58263 ], [ 0.93876, 48.55056 ], [ 0.96655, 48.52274 ], [ 0.95841, 48.4426 ], [ 0.94225, 48.399 ], [ 0.88337, 48.35667 ], [ 0.78543, 48.34043 ], [ 0.76219, 48.30688 ], [ 0.79342, 48.29301 ], [ 0.78759, 48.26131 ], [ 0.83048, 48.21071 ], [ 0.79766, 48.19445 ], [ 0.83683, 48.16735 ], [ 0.8825, 48.16177 ], [ 0.84122, 48.10306 ], [ 0.89093, 48.10206 ], [ 0.99732, 48.1275 ], [ 1.00855, 48.08313 ], [ 1.11224, 48.08073 ], [ 1.12124, 48.03912 ], [ 1.16177, 48.01974 ], [ 1.20965, 47.9685 ], [ 1.23682, 47.97879 ], [ 1.30863, 47.95385 ], [ 1.36545, 47.95474 ], [ 1.38694, 47.98128 ], [ 1.43724, 47.9765 ], [ 1.45519, 48.0086 ], [ 1.52012, 47.98227 ], [ 1.51297, 48.02872 ], [ 1.54531, 48.04459 ], [ 1.59412, 48.0307 ], [ 1.6246, 48.06722 ], [ 1.74483, 48.06615 ], [ 1.86567, 48.08386 ], [ 1.88438, 48.09766 ], [ 1.91426, 48.16746 ], [ 1.93703, 48.16896 ], [ 1.96548, 48.25547 ], [ 1.99409, 48.28658 ], [ 1.97657, 48.39939 ], [ 1.93056, 48.40413 ], [ 1.92215, 48.4576 ], [ 1.90641, 48.44015 ], [ 1.80145, 48.46609 ], [ 1.76532, 48.56937 ], [ 1.70925, 48.57803 ], [ 1.7149, 48.61439 ], [ 1.66622, 48.6137 ], [ 1.60249, 48.66377 ], [ 1.57954, 48.70181 ], [ 1.6264, 48.74809 ], [ 1.5849, 48.7633 ], [ 1.59121, 48.81487 ], [ 1.55725, 48.89158 ], [ 1.50153, 48.94105 ], [ 1.44796, 48.92464 ], [ 1.46835, 48.89222 ], [ 1.36218, 48.83418 ], [ 1.37696, 48.79177 ], [ 1.31954, 48.76096 ], [ 1.18474, 48.77263 ], [ 1.1214, 48.7892 ], [ 1.11266, 48.75186 ], [ 1.05907, 48.75677 ], [ 1.03165, 48.73058 ], [ 0.96144, 48.72572 ], [ 0.9212, 48.70918 ], [ 0.87671, 48.7155 ], [ 0.81482, 48.67016 ] ] ] ] } },
{ "type": "Feature", "properties": { "nom": "Ille-et-Vilaine", "code": "35", "is_drom": false }, "geometry": { "type": "MultiPolygon", "coordinates": [ [ [ [ -2.0069, 48.56611 ], [ -1.99467, 48.57842 ], [ -2.04869, 48.63698 ], [ -2.1335, 48.63709 ], [ -2.12371, 48.60441 ], [ -2.07598, 48.56768 ], [ -2.0069, 48.56611 ] ] ], [ [ [ -1.94803, 48.53881 ], [ -1.91249, 48.51884 ], [ -1.95483, 48.31711 ], [ -2.0141, 48.27953 ], [ -2.05329, 48.29833 ], [ -2.11012, 48.25291 ], [ -2.18697, 48.24638 ], [ -2.21725, 48.21315 ], [ -2.22474, 48.1706 ], [ -2.28727, 48.13374 ], [ -2.23324, 48.07563 ], [ -2.27959, 48.02636 ], [ -2.23959, 47.99947 ], [ -2.13687, 47.97912 ], [ -2.07909, 47.91953 ], [ -2.11631, 47.88096 ], [ -2.09016, 47.84376 ], [ -2.04953, 47.81692 ], [ -2.08971, 47.73856 ], [ -2.13147, 47.72224 ], [ -2.11435, 47.64948 ], [ -2.09703, 47.63136 ], [ -2.07473, 47.65166 ], [ -1.96906, 47.68837 ], [ -1.86402, 47.70698 ], [ -1.77242, 47.69845 ], [ -1.65482, 47.71259 ], [ -1.5934, 47.77605 ], [ -1.52806, 47.78584 ], [ -1.46692, 47.80978 ], [ -1.48181, 47.83189 ], [ -1.39043, 47.82828 ], [ -1.35287, 47.79769 ], [ -1.24589, 47.77672 ], [ -1.23825, 47.80999 ], [ -1.18919, 47.86798 ], [ -1.15399, 47.96582 ], [ -1.10268, 47.98906 ], [ -1.02126, 47.99494 ], [ -1.02329, 48.06891 ], [ -1.04961, 48.0898 ], [ -1.06029, 48.15011 ], [ -1.10006, 48.25928 ], [ -1.08209, 48.29839 ], [ -1.04502, 48.32773 ], [ -1.05394, 48.38399 ], [ -1.08279, 48.43306 ], [ -1.06543, 48.4517 ], [ -1.07016, 48.50849 ], [ -1.14708, 48.5175 ], [ -1.20655, 48.54221 ], [ -1.27225, 48.53392 ], [ -1.2792, 48.50917 ], [ -1.32634, 48.49874 ], [ -1.37725, 48.45828 ], [ -1.42914, 48.46255 ], [ -1.48994, 48.48937 ], [ -1.53329, 48.548 ], [ -1.51892, 48.56659 ], [ -1.57109, 48.62644 ], [ -1.66111, 48.61075 ], [ -1.76415, 48.60356 ], [ -1.84507, 48.61636 ], [ -1.87166, 48.64741 ], [ -1.83714, 48.67916 ], [ -1.85613, 48.70485 ], [ -1.96983, 48.68632 ], [ -2.02896, 48.64692 ], [ -2.011, 48.60473 ], [ -1.94803, 48.53881 ] ] ] ] } },
{ "type": "Feature", "properties": { "nom": "Jura", "code": "39", "is_drom": false }, "geometry": { "type": "MultiPolygon", "coordinates": [ [ [ [ 5.51854, 47.30418 ], [ 5.48828, 47.28935 ], [ 5.47663, 47.21602 ], [ 5.43998, 47.1444 ], [ 5.40871, 47.12607 ], [ 5.38602, 47.08198 ], [ 5.32219, 47.07298 ], [ 5.28292, 47.04524 ], [ 5.31006, 47.01802 ], [ 5.25523, 46.97989 ], [ 5.26326, 46.93591 ], [ 5.30849, 46.93736 ], [ 5.31696, 46.90405 ], [ 5.40182, 46.86832 ], [ 5.45929, 46.85525 ], [ 5.45677, 46.83097 ], [ 5.37024, 46.82617 ], [ 5.33293, 46.7961 ], [ 5.39025, 46.77059 ], [ 5.39109, 46.7287 ], [ 5.44111, 46.63754 ], [ 5.39765, 46.57983 ], [ 5.36212, 46.57727 ], [ 5.3592, 46.52256 ], [ 5.41955, 46.5023 ], [ 5.41574, 46.47314 ], [ 5.31056, 46.44677 ], [ 5.30769, 46.41682 ], [ 5.37704, 46.38136 ], [ 5.37346, 46.35223 ], [ 5.43779, 46.31511 ], [ 5.4753, 46.31538 ], [ 5.47305, 46.26507 ], [ 5.54203, 46.2702 ], [ 5.59839, 46.29845 ], [ 5.64934, 46.33949 ], [ 5.71472, 46.30877 ], [ 5.72518, 46.26073 ], [ 5.76565, 46.26829 ], [ 5.84985, 46.26207 ], [ 5.90894, 46.28395 ], [ 5.98685, 46.36487 ], [ 6.06401, 46.41622 ], [ 6.07393, 46.46395 ], [ 6.15644, 46.54547 ], [ 6.13811, 46.55766 ], [ 6.04857, 46.60772 ], [ 6.10377, 46.64982 ], [ 6.06983, 46.68953 ], [ 6.18027, 46.74157 ], [ 6.20333, 46.77268 ], [ 6.15179, 46.82066 ], [ 6.04789, 46.84862 ], [ 6.00578, 46.87305 ], [ 5.96408, 46.94808 ], [ 5.96856, 46.98045 ], [ 5.81505, 47.02034 ], [ 5.74951, 47.01724 ], [ 5.78472, 47.05491 ], [ 5.76854, 47.08943 ], [ 5.81608, 47.13433 ], [ 5.81147, 47.16905 ], [ 5.72041, 47.21993 ], [ 5.69873, 47.265 ], [ 5.60211, 47.26053 ], [ 5.53417, 47.28345 ], [ 5.51854, 47.30418 ] ] ] ] } },
{ "type": "Feature", "properties": { "nom": "Landes", "code": "40", "is_drom": false }, "geometry": { "type": "MultiPolygon", "coordinates": [ [ [ [ -1.25389, 44.4676 ], [ -1.2721, 44.35013 ], [ -1.31233, 44.1448 ], [ -1.37499, 43.91379 ], [ -1.4365, 43.71056 ], [ -1.44821, 43.64228 ], [ -1.52487, 43.5297 ], [ -1.47662, 43.53918 ], [ -1.41778, 43.49777 ], [ -1.29119, 43.4982 ], [ -1.17082, 43.54561 ], [ -1.10925, 43.51413 ], [ -0.99339, 43.50539 ], [ -0.89669, 43.55049 ], [ -0.78178, 43.56417 ], [ -0.71539, 43.54111 ], [ -0.6708, 43.56672 ], [ -0.61569, 43.5444 ], [ -0.55717, 43.5428 ], [ -0.44829, 43.59609 ], [ -0.40604, 43.56823 ], [ -0.30369, 43.56028 ], [ -0.24283, 43.58498 ], [ -0.2472, 43.61595 ], [ -0.23258, 43.71409 ], [ -0.19414, 43.73702 ], [ -0.22714, 43.80827 ], [ -0.19246, 43.81018 ], [ -0.19099, 43.87518 ], [ -0.23394, 43.89107 ], [ -0.17911, 43.93792 ], [ -0.0736, 43.94505 ], [ -0.03616, 43.98374 ], [ 0.00144, 43.95989 ], [ -0.01536, 43.93415 ], [ 0.03255, 43.90019 ], [ 0.07664, 43.91647 ], [ 0.05531, 43.95796 ], [ 0.07604, 43.98314 ], [ 0.0627, 44.00084 ], [ 0.10082, 44.08677 ], [ 0.1351, 44.12422 ], [ 0.03459, 44.13065 ], [ -0.00424, 44.14999 ], [ -0.12915, 44.15241 ], [ -0.14069, 44.22641 ], [ -0.19412, 44.26904 ], [ -0.226, 44.26478 ], [ -0.22345, 44.20589 ], [ -0.27212, 44.19381 ], [ -0.38961, 44.20948 ], [ -0.38338, 44.28631 ], [ -0.43184, 44.32257 ], [ -0.51764, 44.33911 ], [ -0.5281, 44.36466 ], [ -0.62764, 44.39814 ], [ -0.62877, 44.44319 ], [ -0.7307, 44.44637 ], [ -0.84527, 44.41898 ], [ -0.91917, 44.44334 ], [ -0.96958, 44.42938 ], [ -1.00745, 44.43766 ], [ -0.9807, 44.48288 ], [ -1.08517, 44.5322 ], [ -1.10649, 44.50278 ], [ -1.25389, 44.4676 ] ] ] ] } },
{ "type": "Feature", "properties": { "nom": "Loire", "code": "42", "is_drom": false }, "geometry": { "type": "MultiPolygon", "coordinates": [ [ [ [ 3.89954, 46.27591 ], [ 3.80489, 46.25486 ], [ 3.77316, 46.22737 ], [ 3.79314, 46.2094 ], [ 3.78977, 46.15485 ], [ 3.82188, 46.08798 ], [ 3.80677, 46.04562 ], [ 3.82545, 45.99597 ], [ 3.78891, 45.97386 ], [ 3.70889, 45.97378 ], [ 3.69402, 45.93073 ], [ 3.75437, 45.88603 ], [ 3.71637, 45.87125 ], [ 3.72692, 45.83256 ], [ 3.69976, 45.78318 ], [ 3.78085, 45.72435 ], [ 3.77612, 45.6985 ], [ 3.82346, 45.63242 ], [ 3.9036, 45.59902 ], [ 3.95435, 45.55596 ], [ 3.97511, 45.44827 ], [ 3.89919, 45.4103 ], [ 3.89741, 45.35708 ], [ 3.97965, 45.37514 ], [ 4.02482, 45.34289 ], [ 4.07782, 45.35498 ], [ 4.17793, 45.3926 ], [ 4.24453, 45.38491 ], [ 4.27169, 45.35982 ], [ 4.3082, 45.37098 ], [ 4.36654, 45.337 ], [ 4.36255, 45.2644 ], [ 4.41857, 45.27542 ], [ 4.48313, 45.23645 ], [ 4.60242, 45.2517 ], [ 4.59177, 45.2713 ], [ 4.6145, 45.30983 ], [ 4.67951, 45.34611 ], [ 4.756, 45.36567 ], [ 4.74476, 45.42133 ], [ 4.75693, 45.4557 ], [ 4.72234, 45.4943 ], [ 4.66175, 45.48675 ], [ 4.6505, 45.52825 ], [ 4.61486, 45.57547 ], [ 4.5686, 45.58347 ], [ 4.51977, 45.57325 ], [ 4.41028, 45.63205 ], [ 4.36552, 45.69852 ], [ 4.39125, 45.75493 ], [ 4.37587, 45.78208 ], [ 4.38303, 45.86399 ], [ 4.32393, 45.9005 ], [ 4.34375, 45.93112 ], [ 4.29391, 45.9534 ], [ 4.30609, 46.02123 ], [ 4.28041, 46.05295 ], [ 4.31096, 46.07919 ], [ 4.32157, 46.12922 ], [ 4.38027, 46.15 ], [ 4.41078, 46.13662 ], [ 4.43859, 46.16788 ], [ 4.39599, 46.18914 ], [ 4.38807, 46.21979 ], [ 4.28249, 46.15695 ], [ 4.26103, 46.17875 ], [ 4.13242, 46.17783 ], [ 4.10409, 46.19839 ], [ 4.03088, 46.17188 ], [ 3.98879, 46.16981 ], [ 3.97255, 46.20271 ], [ 3.89013, 46.21449 ], [ 3.89954, 46.27591 ] ] ] ] } },
{ "type": "Feature", "properties": { "nom": "Loiret", "code": "45", "is_drom": false }, "geometry": { "type": "MultiPolygon", "coordinates": [ [ [ [ 1.99409, 48.28658 ], [ 1.96548, 48.25547 ], [ 1.93703, 48.16896 ], [ 1.91426, 48.16746 ], [ 1.88438, 48.09766 ], [ 1.86567, 48.08386 ], [ 1.74483, 48.06615 ], [ 1.6246, 48.06722 ], [ 1.59412, 48.0307 ], [ 1.54531, 48.04459 ], [ 1.51297, 48.02872 ], [ 1.52012, 47.98227 ], [ 1.55197, 47.95308 ], [ 1.52543, 47.92912 ], [ 1.58142, 47.90193 ], [ 1.58813, 47.87643 ], [ 1.5337, 47.82053 ], [ 1.57054, 47.79659 ], [ 1.54788, 47.76976 ], [ 1.6086, 47.73393 ], [ 1.62663, 47.76097 ], [ 1.69735, 47.73839 ], [ 1.73994, 47.66153 ], [ 1.79859, 47.63844 ], [ 1.8429, 47.65684 ], [ 1.84369, 47.68635 ], [ 1.94242, 47.67563 ], [ 2.07355, 47.68183 ], [ 2.14851, 47.67042 ], [ 2.20255, 47.67814 ], [ 2.23921, 47.62098 ], [ 2.28623, 47.62897 ], [ 2.37302, 47.58553 ], [ 2.43734, 47.60978 ], [ 2.49136, 47.5683 ], [ 2.54108, 47.57407 ], [ 2.5999, 47.55369 ], [ 2.61201, 47.52638 ], [ 2.65846, 47.4879 ], [ 2.71936, 47.49217 ], [ 2.72227, 47.52137 ], [ 2.76803, 47.52352 ], [ 2.80648, 47.49446 ], [ 2.87463, 47.52042 ], [ 2.8489, 47.53754 ], [ 2.9143, 47.56597 ], [ 2.97654, 47.56942 ], [ 2.93799, 47.59889 ], [ 2.95423, 47.64577 ], [ 2.92312, 47.68056 ], [ 2.85852, 47.71199 ], [ 2.85667, 47.76093 ], [ 2.93506, 47.76325 ], [ 3.0238, 47.78655 ], [ 3.01029, 47.90472 ], [ 3.0501, 47.91145 ], [ 3.12845, 47.97098 ], [ 3.08832, 48.05393 ], [ 3.05047, 48.07233 ], [ 3.02947, 48.1332 ], [ 2.93632, 48.16339 ], [ 2.86803, 48.15644 ], [ 2.82088, 48.12966 ], [ 2.79895, 48.16827 ], [ 2.70654, 48.12482 ], [ 2.66341, 48.1222 ], [ 2.53811, 48.14065 ], [ 2.50632, 48.15644 ], [ 2.52294, 48.20052 ], [ 2.50619, 48.23853 ], [ 2.42376, 48.2603 ], [ 2.40266, 48.32072 ], [ 2.36982, 48.30867 ], [ 2.31259, 48.3308 ], [ 2.29542, 48.30822 ], [ 2.18136, 48.31375 ], [ 2.11059, 48.29694 ], [ 1.99409, 48.28658 ] ] ] ] } },
{ "type": "Feature", "properties": { "nom": "Lot-et-Garonne", "code": "47", "is_drom": false }, "geometry": { "type": "MultiPolygon", "coordinates": [ [ [ [ 0.29733, 44.76229 ], [ 0.21553, 44.75105 ], [ 0.15301, 44.73048 ], [ 0.13373, 44.68245 ], [ 0.18267, 44.66107 ], [ 0.1536, 44.61612 ], [ 0.04057, 44.55305 ], [ -0.01545, 44.50506 ], [ -0.01056, 44.41854 ], [ 0.01824, 44.38988 ], [ -0.08576, 44.33761 ], [ -0.03481, 44.29672 ], [ -0.06663, 44.24676 ], [ -0.14069, 44.22641 ], [ -0.12915, 44.15241 ], [ -0.00424, 44.14999 ], [ 0.03459, 44.13065 ], [ 0.1351, 44.12422 ], [ 0.10082, 44.08677 ], [ 0.0627, 44.00084 ], [ 0.07604, 43.98314 ], [ 0.16676, 43.99683 ], [ 0.18957, 44.01464 ], [ 0.30409, 43.99306 ], [ 0.35757, 44.01638 ], [ 0.44244, 44.02876 ], [ 0.45952, 44.05523 ], [ 0.53902, 44.05372 ], [ 0.59798, 44.07822 ], [ 0.6666, 44.02514 ], [ 0.7078, 44.05802 ], [ 0.74188, 44.0652 ], [ 0.75288, 44.10227 ], [ 0.79624, 44.11513 ], [ 0.7961, 44.14562 ], [ 0.86878, 44.12633 ], [ 0.88848, 44.14877 ], [ 0.85357, 44.17496 ], [ 0.90629, 44.19031 ], [ 0.91909, 44.23827 ], [ 0.94992, 44.27644 ], [ 0.8945, 44.29674 ], [ 0.87347, 44.32331 ], [ 0.88734, 44.36637 ], [ 0.91991, 44.38415 ], [ 0.95005, 44.35976 ], [ 1.0498, 44.36264 ], [ 1.06408, 44.37851 ], [ 1.05748, 44.42767 ], [ 1.03333, 44.43222 ], [ 1.00902, 44.48004 ], [ 1.01317, 44.53613 ], [ 1.07514, 44.57733 ], [ 1.07331, 44.59558 ], [ 1.01475, 44.6141 ], [ 0.97912, 44.64361 ], [ 0.92748, 44.63543 ], [ 0.86999, 44.59731 ], [ 0.817, 44.62701 ], [ 0.8434, 44.66348 ], [ 0.827, 44.69189 ], [ 0.72914, 44.67608 ], [ 0.65743, 44.67785 ], [ 0.63048, 44.70653 ], [ 0.41471, 44.64633 ], [ 0.36557, 44.66221 ], [ 0.33544, 44.73743 ], [ 0.29733, 44.76229 ] ] ] ] } },
{ "type": "Feature", "properties": { "nom": "Meuse", "code": "55", "is_drom": false }, "geometry": { "type": "MultiPolygon", "coordinates": [ [ [ [ 4.95099, 49.23687 ], [ 4.99338, 49.20962 ], [ 4.93976, 49.18507 ], [ 4.99212, 49.1149 ], [ 5.00768, 49.03495 ], [ 5.03632, 49.02434 ], [ 5.03013, 48.9569 ], [ 4.9864, 48.9319 ], [ 4.93621, 48.92214 ], [ 4.913, 48.87214 ], [ 4.9357, 48.84063 ], [ 4.88876, 48.81721 ], [ 4.99012, 48.74183 ], [ 5.00641, 48.69907 ], [ 4.98843, 48.68442 ], [ 5.00592, 48.63403 ], [ 5.07089, 48.59573 ], [ 5.11835, 48.59551 ], [ 5.20842, 48.53861 ], [ 5.34947, 48.48199 ], [ 5.40088, 48.47048 ], [ 5.4085, 48.44579 ], [ 5.47005, 48.42093 ], [ 5.61597, 48.43974 ], [ 5.67902, 48.47139 ], [ 5.73858, 48.46607 ], [ 5.76515, 48.49649 ], [ 5.77622, 48.54036 ], [ 5.71609, 48.56143 ], [ 5.71866, 48.59034 ], [ 5.76177, 48.60939 ], [ 5.74534, 48.65219 ], [ 5.75771, 48.6957 ], [ 5.71403, 48.74453 ], [ 5.76773, 48.79014 ], [ 5.78097, 48.82674 ], [ 5.74716, 48.91526 ], [ 5.80024, 48.94675 ], [ 5.82307, 49.02311 ], [ 5.85418, 49.04242 ], [ 5.81864, 49.08617 ], [ 5.76336, 49.10788 ], [ 5.74447, 49.15659 ], [ 5.76554, 49.19809 ], [ 5.71904, 49.21598 ], [ 5.73178, 49.31134 ], [ 5.68815, 49.41511 ], [ 5.63457, 49.43744 ], [ 5.5291, 49.40737 ], [ 5.46178, 49.45269 ], [ 5.4709, 49.49721 ], [ 5.44758, 49.51737 ], [ 5.42691, 49.59734 ], [ 5.39354, 49.61709 ], [ 5.34324, 49.5942 ], [ 5.31176, 49.55929 ], [ 5.26271, 49.54182 ], [ 5.23276, 49.56948 ], [ 5.16298, 49.56353 ], [ 5.11828, 49.59307 ], [ 5.06239, 49.49915 ], [ 5.10945, 49.45542 ], [ 5.1159, 49.42193 ], [ 5.08636, 49.40263 ], [ 5.02643, 49.33592 ], [ 5.05118, 49.27405 ], [ 5.02378, 49.27245 ], [ 4.95099, 49.23687 ] ] ] ] } },
{ "type": "Feature", "properties": { "nom": "Orne", "code": "61", "is_drom": false }, "geometry": { "type": "MultiPolygon", "coordinates": [ [ [ [ -0.84094, 48.75222 ], [ -0.79895, 48.71019 ], [ -0.73732, 48.68667 ], [ -0.77336, 48.65747 ], [ -0.75262, 48.61762 ], [ -0.77417, 48.56268 ], [ -0.84767, 48.52113 ], [ -0.86036, 48.50146 ], [ -0.75728, 48.43655 ], [ -0.7151, 48.44895 ], [ -0.66372, 48.48447 ], [ -0.654, 48.44428 ], [ -0.59534, 48.47263 ], [ -0.55172, 48.47312 ], [ -0.50506, 48.5058 ], [ -0.43076, 48.51182 ], [ -0.36762, 48.49294 ], [ -0.32023, 48.52292 ], [ -0.27823, 48.50699 ], [ -0.20694, 48.56295 ], [ -0.16938, 48.53697 ], [ -0.14872, 48.45807 ], [ -0.05189, 48.45326 ], [ -0.05453, 48.382 ], [ -0.00256, 48.39731 ], [ 0.06249, 48.38221 ], [ 0.11625, 48.43556 ], [ 0.18981, 48.46189 ], [ 0.29586, 48.48017 ], [ 0.36396, 48.45163 ], [ 0.38261, 48.33383 ], [ 0.43133, 48.30664 ], [ 0.48758, 48.3078 ], [ 0.53597, 48.24984 ], [ 0.68322, 48.24859 ], [ 0.73783, 48.18907 ], [ 0.79766, 48.19445 ], [ 0.83048, 48.21071 ], [ 0.78759, 48.26131 ], [ 0.79342, 48.29301 ], [ 0.76219, 48.30688 ], [ 0.78543, 48.34043 ], [ 0.88337, 48.35667 ], [ 0.94225, 48.399 ], [ 0.95841, 48.4426 ], [ 0.96655, 48.52274 ], [ 0.93876, 48.55056 ], [ 0.85064, 48.58263 ], [ 0.81482, 48.67016 ], [ 0.76408, 48.67527 ], [ 0.73059, 48.7052 ], [ 0.77496, 48.73753 ], [ 0.7335, 48.78337 ], [ 0.61029, 48.83131 ], [ 0.57804, 48.89365 ], [ 0.5525, 48.87553 ], [ 0.45736, 48.87976 ], [ 0.38618, 48.91041 ], [ 0.41281, 48.95063 ], [ 0.37731, 48.97256 ], [ 0.33377, 48.94288 ], [ 0.27563, 48.96474 ], [ 0.2422, 48.94448 ], [ 0.15647, 48.92479 ], [ 0.1276, 48.95222 ], [ 0.07095, 48.93212 ], [ 0.0564, 48.90246 ], [ -0.00986, 48.8838 ], [ -0.05881, 48.85359 ], [ -0.14635, 48.83445 ], [ -0.30593, 48.8583 ], [ -0.34624, 48.822 ], [ -0.41152, 48.87014 ], [ -0.46376, 48.87137 ], [ -0.49405, 48.84857 ], [ -0.54452, 48.84789 ], [ -0.62644, 48.82681 ], [ -0.65724, 48.83905 ], [ -0.71469, 48.79987 ], [ -0.78062, 48.78665 ], [ -0.84094, 48.75222 ] ] ] ] } },
{ "type": "Feature", "properties": { "nom": "Pas-de-Calais", "code": "62", "is_drom": false }, "geometry": { "type": "MultiPolygon", "coordinates": [ [ [ [ 2.0677, 51.0065 ], [ 1.91578, 50.98409 ], [ 1.72886, 50.93789 ], [ 1.6641, 50.89013 ], [ 1.58063, 50.86734 ], [ 1.60421, 50.79187 ], [ 1.59052, 50.7298 ], [ 1.56071, 50.69967 ], [ 1.57842, 50.64029 ], [ 1.58541, 50.53735 ], [ 1.55779, 50.40471 ], [ 1.58468, 50.37638 ], [ 1.64154, 50.35215 ], [ 1.67071, 50.33101 ], [ 1.77878, 50.36187 ], [ 1.80509, 50.35956 ], [ 1.918, 50.31178 ], [ 1.94614, 50.28743 ], [ 2.07782, 50.24882 ], [ 2.09574, 50.20554 ], [ 2.17414, 50.2089 ], [ 2.27383, 50.22684 ], [ 2.3702, 50.20977 ], [ 2.40548, 50.23403 ], [ 2.45178, 50.2303 ], [ 2.49568, 50.19456 ], [ 2.41484, 50.17311 ], [ 2.38978, 50.15549 ], [ 2.37545, 50.10926 ], [ 2.41451, 50.10065 ], [ 2.47668, 50.137 ], [ 2.55133, 50.14161 ], [ 2.57602, 50.11341 ], [ 2.65113, 50.09526 ], [ 2.70305, 50.0957 ], [ 2.70882, 50.12849 ], [ 2.78184, 50.09111 ], [ 2.76313, 50.03864 ], [ 2.85785, 50.0774 ], [ 2.87653, 50.04218 ], [ 2.97153, 50.04136 ], [ 3.01444, 50.05915 ], [ 3.09025, 50.05374 ], [ 3.11413, 50.09216 ], [ 3.09576, 50.1242 ], [ 3.15613, 50.18372 ], [ 3.1314, 50.1994 ], [ 3.17338, 50.24111 ], [ 3.13368, 50.26623 ], [ 3.0178, 50.28458 ], [ 3.08431, 50.31119 ], [ 2.99307, 50.37984 ], [ 3.03767, 50.44164 ], [ 3.0208, 50.48177 ], [ 2.96472, 50.51277 ], [ 2.89895, 50.50155 ], [ 2.88697, 50.53766 ], [ 2.82598, 50.52539 ], [ 2.80516, 50.60327 ], [ 2.84243, 50.62905 ], [ 2.84045, 50.65656 ], [ 2.76905, 50.66368 ], [ 2.7574, 50.61824 ], [ 2.71385, 50.63129 ], [ 2.63052, 50.61795 ], [ 2.49595, 50.63124 ], [ 2.4078, 50.67276 ], [ 2.3409, 50.74091 ], [ 2.41148, 50.76673 ], [ 2.31432, 50.78271 ], [ 2.28858, 50.77703 ], [ 2.21343, 50.81055 ], [ 2.18391, 50.88345 ], [ 2.0976, 50.99843 ], [ 2.0677, 51.0065 ] ] ] ] } },
{ "type": "Feature", "properties": { "nom": "Puy-de-Dôme", "code": "63", "is_drom": false }, "geometry": { "type": "MultiPolygon", "coordinates": [ [ [ [ 2.56537, 46.14304 ], [ 2.54905, 46.11408 ], [ 2.5717, 46.04869 ], [ 2.60251, 46.03346 ], [ 2.59442, 45.98944 ], [ 2.49223, 45.86403 ], [ 2.44258, 45.86301 ], [ 2.42654, 45.83477 ], [ 2.38801, 45.82737 ], [ 2.43411, 45.76985 ], [ 2.49213, 45.73767 ], [ 2.52836, 45.68192 ], [ 2.5143, 45.63953 ], [ 2.48339, 45.6393 ], [ 2.46534, 45.60082 ], [ 2.49093, 45.56039 ], [ 2.51633, 45.55343 ], [ 2.50841, 45.4785 ], [ 2.54396, 45.47898 ], [ 2.59038, 45.45005 ], [ 2.65143, 45.44266 ], [ 2.71485, 45.38156 ], [ 2.85237, 45.39234 ], [ 2.92155, 45.36578 ], [ 2.94862, 45.30912 ], [ 3.01671, 45.28712 ], [ 3.05856, 45.30657 ], [ 3.06027, 45.33059 ], [ 3.1035, 45.35437 ], [ 3.16806, 45.35226 ], [ 3.29069, 45.40182 ], [ 3.45675, 45.40028 ], [ 3.50132, 45.42758 ], [ 3.52091, 45.40241 ], [ 3.56308, 45.39491 ], [ 3.59034, 45.35722 ], [ 3.62584, 45.33835 ], [ 3.66722, 45.3762 ], [ 3.77226, 45.34919 ], [ 3.80831, 45.39161 ], [ 3.85695, 45.35932 ], [ 3.89741, 45.35708 ], [ 3.89919, 45.4103 ], [ 3.97511, 45.44827 ], [ 3.95435, 45.55596 ], [ 3.9036, 45.59902 ], [ 3.82346, 45.63242 ], [ 3.77612, 45.6985 ], [ 3.78085, 45.72435 ], [ 3.69976, 45.78318 ], [ 3.72692, 45.83256 ], [ 3.71637, 45.87125 ], [ 3.75437, 45.88603 ], [ 3.69402, 45.93073 ], [ 3.66974, 45.96121 ], [ 3.62802, 45.9787 ], [ 3.58847, 46.02413 ], [ 3.54766, 46.01554 ], [ 3.4635, 46.01794 ], [ 3.47149, 46.04184 ], [ 3.41902, 46.07429 ], [ 3.3716, 46.05506 ], [ 3.30239, 46.06577 ], [ 3.16654, 46.06568 ], [ 3.10078, 46.08234 ], [ 3.08737, 46.11306 ], [ 3.01647, 46.10245 ], [ 2.97175, 46.12178 ], [ 2.90959, 46.20349 ], [ 2.93714, 46.24292 ], [ 2.85573, 46.25549 ], [ 2.81916, 46.24179 ], [ 2.81027, 46.19621 ], [ 2.73305, 46.22332 ], [ 2.72245, 46.18134 ], [ 2.67745, 46.17276 ], [ 2.6407, 46.11848 ], [ 2.56537, 46.14304 ] ] ] ] } },
{ "type": "Feature", "properties": { "nom": "Bas-Rhin", "code": "67", "is_drom": false }, "geometry": { "type": "MultiPolygon", "coordinates": [ [ [ [ 7.63528, 49.05416 ], [ 7.59121, 48.99373 ], [ 7.57839, 48.9574 ], [ 7.53826, 48.93296 ], [ 7.44689, 48.96578 ], [ 7.32685, 48.94338 ], [ 7.29305, 48.97342 ], [ 7.17424, 49.00637 ], [ 7.13051, 49.00459 ], [ 7.10766, 49.04411 ], [ 7.05491, 49.03062 ], [ 7.03088, 48.98588 ], [ 6.98921, 48.95992 ], [ 6.96461, 48.90452 ], [ 7.04535, 48.87155 ], [ 7.05452, 48.81371 ], [ 7.08816, 48.79249 ], [ 7.1268, 48.80115 ], [ 7.14941, 48.84471 ], [ 7.26203, 48.79776 ], [ 7.3119, 48.7673 ], [ 7.24248, 48.69155 ], [ 7.28305, 48.63811 ], [ 7.25628, 48.58867 ], [ 7.21931, 48.55377 ], [ 7.16791, 48.52759 ], [ 7.07936, 48.53642 ], [ 7.12316, 48.51359 ], [ 7.09743, 48.40565 ], [ 7.10803, 48.37699 ], [ 7.07853, 48.35107 ], [ 7.1219, 48.33329 ], [ 7.18454, 48.33605 ], [ 7.19829, 48.31047 ], [ 7.27518, 48.30523 ], [ 7.34857, 48.24719 ], [ 7.47694, 48.20353 ], [ 7.47056, 48.16101 ], [ 7.51253, 48.15232 ], [ 7.51937, 48.12611 ], [ 7.57732, 48.12037 ], [ 7.60115, 48.15838 ], [ 7.66781, 48.22391 ], [ 7.70315, 48.30881 ], [ 7.73988, 48.32175 ], [ 7.73597, 48.40416 ], [ 7.76819, 48.48966 ], [ 7.8052, 48.51357 ], [ 7.80417, 48.59233 ], [ 7.83982, 48.64138 ], [ 7.89089, 48.6631 ], [ 7.96314, 48.72136 ], [ 7.97175, 48.75763 ], [ 8.09632, 48.81038 ], [ 8.14794, 48.90381 ], [ 8.21434, 48.9751 ], [ 8.09138, 48.98926 ], [ 8.04808, 49.01417 ], [ 7.93462, 49.05781 ], [ 7.86879, 49.03416 ], [ 7.80044, 49.06411 ], [ 7.73222, 49.04436 ], [ 7.63528, 49.05416 ] ] ] ] } },
{ "type": "Feature", "properties": { "nom": "Haut-Rhin", "code": "68", "is_drom": false }, "geometry": { "type": "MultiPolygon", "coordinates": [ [ [ [ 7.19829, 48.31047 ], [ 7.13355, 48.24594 ], [ 7.10628, 48.1943 ], [ 7.05891, 48.13726 ], [ 7.08416, 48.12922 ], [ 7.0298, 48.07191 ], [ 7.00189, 48.02239 ], [ 6.94335, 47.99796 ], [ 6.91942, 47.94434 ], [ 6.92782, 47.90821 ], [ 6.90022, 47.89119 ], [ 6.92004, 47.85029 ], [ 6.84618, 47.82294 ], [ 6.86347, 47.78516 ], [ 6.94256, 47.76862 ], [ 7.01596, 47.74323 ], [ 7.04632, 47.6715 ], [ 7.00498, 47.61938 ], [ 7.02542, 47.59268 ], [ 7.08627, 47.59256 ], [ 7.10622, 47.55138 ], [ 7.1398, 47.52607 ], [ 7.13034, 47.50303 ], [ 7.16754, 47.48941 ], [ 7.17307, 47.44718 ], [ 7.2463, 47.4222 ], [ 7.30174, 47.43781 ], [ 7.40341, 47.43552 ], [ 7.50676, 47.49563 ], [ 7.50341, 47.54198 ], [ 7.58471, 47.57727 ], [ 7.5928, 47.60178 ], [ 7.52234, 47.66232 ], [ 7.51375, 47.70282 ], [ 7.54808, 47.73959 ], [ 7.53126, 47.78676 ], [ 7.56355, 47.85214 ], [ 7.55671, 47.87994 ], [ 7.58329, 47.93112 ], [ 7.62209, 47.97227 ], [ 7.57162, 48.03038 ], [ 7.57732, 48.12037 ], [ 7.51937, 48.12611 ], [ 7.51253, 48.15232 ], [ 7.47056, 48.16101 ], [ 7.47694, 48.20353 ], [ 7.34857, 48.24719 ], [ 7.27518, 48.30523 ], [ 7.19829, 48.31047 ] ] ] ] } },
{ "type": "Feature", "properties": { "nom": "Seine-Maritime", "code": "76", "is_drom": false }, "geometry": { "type": "MultiPolygon", "coordinates": [ [ [ [ 1.3797, 50.06501 ], [ 1.29979, 50.02958 ], [ 1.19438, 49.96803 ], [ 1.0659, 49.92561 ], [ 0.96318, 49.91986 ], [ 0.92979, 49.90674 ], [ 0.76973, 49.87209 ], [ 0.70197, 49.87188 ], [ 0.57294, 49.84972 ], [ 0.52275, 49.82453 ], [ 0.36447, 49.76432 ], [ 0.32056, 49.74155 ], [ 0.21167, 49.71446 ], [ 0.16902, 49.69072 ], [ 0.15454, 49.64864 ], [ 0.07494, 49.53633 ], [ 0.06561, 49.51257 ], [ 0.12124, 49.46319 ], [ 0.33898, 49.44093 ], [ 0.43153, 49.45895 ], [ 0.49008, 49.48361 ], [ 0.52493, 49.47787 ], [ 0.58188, 49.43363 ], [ 0.63412, 49.43446 ], [ 0.66528, 49.402 ], [ 0.76487, 49.41958 ], [ 0.81888, 49.39818 ], [ 0.91812, 49.38546 ], [ 0.92141, 49.33855 ], [ 0.95774, 49.28934 ], [ 1.01332, 49.25226 ], [ 1.05407, 49.26811 ], [ 1.04814, 49.29788 ], [ 1.13399, 49.30984 ], [ 1.16026, 49.342 ], [ 1.27214, 49.34628 ], [ 1.34524, 49.44806 ], [ 1.41213, 49.4565 ], [ 1.50417, 49.43803 ], [ 1.57542, 49.44014 ], [ 1.60696, 49.41085 ], [ 1.6593, 49.39899 ], [ 1.71393, 49.40922 ], [ 1.76634, 49.46615 ], [ 1.71923, 49.50822 ], [ 1.74513, 49.53174 ], [ 1.70458, 49.6054 ], [ 1.70345, 49.64518 ], [ 1.7252, 49.67264 ], [ 1.68957, 49.69479 ], [ 1.74095, 49.73859 ], [ 1.78383, 49.75831 ], [ 1.72705, 49.82888 ], [ 1.71246, 49.88644 ], [ 1.67845, 49.91813 ], [ 1.59401, 49.94905 ], [ 1.57389, 49.97392 ], [ 1.45646, 50.03783 ], [ 1.44645, 50.06932 ], [ 1.3797, 50.06501 ] ] ] ] } },
{ "type": "Feature", "properties": { "nom": "Yonne", "code": "89", "is_drom": false }, "geometry": { "type": "MultiPolygon", "coordinates": [ [ [ [ 2.93632, 48.16339 ], [ 3.02947, 48.1332 ], [ 3.05047, 48.07233 ], [ 3.08832, 48.05393 ], [ 3.12845, 47.97098 ], [ 3.0501, 47.91145 ], [ 3.01029, 47.90472 ], [ 3.0238, 47.78655 ], [ 2.93506, 47.76325 ], [ 2.85667, 47.76093 ], [ 2.85852, 47.71199 ], [ 2.92312, 47.68056 ], [ 2.95423, 47.64577 ], [ 2.93799, 47.59889 ], [ 2.97654, 47.56942 ], [ 3.02564, 47.55875 ], [ 3.102, 47.58796 ], [ 3.12205, 47.54105 ], [ 3.16519, 47.5175 ], [ 3.20465, 47.52297 ], [ 3.23548, 47.48918 ], [ 3.30705, 47.49472 ], [ 3.34631, 47.47244 ], [ 3.39729, 47.50886 ], [ 3.44563, 47.5112 ], [ 3.48788, 47.49392 ], [ 3.51351, 47.52767 ], [ 3.58061, 47.49787 ], [ 3.58011, 47.4649 ], [ 3.67899, 47.44554 ], [ 3.71479, 47.40684 ], [ 3.78564, 47.39054 ], [ 3.87991, 47.42981 ], [ 3.85991, 47.38869 ], [ 3.97068, 47.37832 ], [ 3.97309, 47.33271 ], [ 4.02876, 47.31558 ], [ 4.05017, 47.34024 ], [ 4.10608, 47.33926 ], [ 4.06606, 47.40725 ], [ 4.11942, 47.44355 ], [ 4.11551, 47.51501 ], [ 4.17513, 47.55326 ], [ 4.21238, 47.62797 ], [ 4.26843, 47.68141 ], [ 4.25817, 47.7274 ], [ 4.33247, 47.75651 ], [ 4.3244, 47.84716 ], [ 4.261, 47.84385 ], [ 4.26857, 47.88837 ], [ 4.29342, 47.92567 ], [ 4.24811, 47.92926 ], [ 4.19915, 47.96994 ], [ 4.11178, 47.927 ], [ 3.90209, 47.93917 ], [ 3.9147, 47.9757 ], [ 3.85003, 47.98379 ], [ 3.80497, 48.10255 ], [ 3.7403, 48.16971 ], [ 3.66787, 48.13921 ], [ 3.6415, 48.18393 ], [ 3.57518, 48.18874 ], [ 3.62161, 48.22574 ], [ 3.6168, 48.27134 ], [ 3.49815, 48.3691 ], [ 3.41479, 48.39027 ], [ 3.36516, 48.37228 ], [ 3.28239, 48.37752 ], [ 3.25439, 48.36502 ], [ 3.16773, 48.37186 ], [ 3.04952, 48.36012 ], [ 3.02726, 48.30037 ], [ 3.04363, 48.27202 ], [ 3.00516, 48.20767 ], [ 2.93474, 48.17882 ], [ 2.93632, 48.16339 ] ] ] ] } },
{ "type": "Feature", "properties": { "nom": "Seine-Saint-Denis", "code": "93", "is_drom": false }, "geometry": { "type": "MultiPolygon", "coordinates": [ [ [ [ 2.55306, 49.00982 ], [ 2.45949, 48.95505 ], [ 2.40739, 48.95612 ], [ 2.36645, 48.97418 ], [ 2.29097, 48.95097 ], [ 2.33635, 48.93235 ], [ 2.31989, 48.90046 ], [ 2.38515, 48.90201 ], [ 2.41634, 48.84923 ], [ 2.49565, 48.86085 ], [ 2.59227, 48.80744 ], [ 2.56263, 48.88888 ], [ 2.6026, 48.92936 ], [ 2.55306, 49.00982 ] ] ] ] } },
{ "type": "Feature", "properties": { "nom": "Alpes-de-Haute-Provence", "code": "04", "is_drom": false }, "geometry": { "type": "MultiPolygon", "coordinates": [ [ [ [ 5.67604, 44.19143 ], [ 5.63959, 44.16758 ], [ 5.57619, 44.18804 ], [ 5.54398, 44.13639 ], [ 5.49879, 44.11572 ], [ 5.50264, 44.06344 ], [ 5.54459, 44.06989 ], [ 5.54366, 44.02871 ], [ 5.51806, 43.99011 ], [ 5.51209, 43.946 ], [ 5.56763, 43.94264 ], [ 5.60713, 43.91377 ], [ 5.57377, 43.86651 ], [ 5.5782, 43.82992 ], [ 5.65445, 43.82511 ], [ 5.71606, 43.7574 ], [ 5.75734, 43.7294 ], [ 5.78134, 43.75565 ], [ 5.83739, 43.74148 ], [ 5.84914, 43.72025 ], [ 5.90121, 43.73259 ], [ 6.03613, 43.69416 ], [ 6.07732, 43.70788 ], [ 6.18289, 43.76218 ], [ 6.21671, 43.79951 ], [ 6.35696, 43.73637 ], [ 6.41348, 43.76036 ], [ 6.41443, 43.79159 ], [ 6.48207, 43.79108 ], [ 6.52476, 43.80637 ], [ 6.54568, 43.78223 ], [ 6.58691, 43.80532 ], [ 6.63639, 43.78895 ], [ 6.70789, 43.80952 ], [ 6.66793, 43.83092 ], [ 6.69733, 43.87365 ], [ 6.74556, 43.87211 ], [ 6.8307, 43.91837 ], [ 6.88461, 43.88912 ], [ 6.94175, 43.89697 ], [ 6.91309, 43.92796 ], [ 6.85189, 43.95479 ], [ 6.83601, 43.9906 ], [ 6.74571, 44.04323 ], [ 6.75529, 44.0786 ], [ 6.70707, 44.12584 ], [ 6.68654, 44.16926 ], [ 6.71834, 44.21071 ], [ 6.72399, 44.24984 ], [ 6.78635, 44.2885 ], [ 6.79609, 44.3161 ], [ 6.83969, 44.34617 ], [ 6.88744, 44.36105 ], [ 6.89287, 44.42078 ], [ 6.94456, 44.43206 ], [ 6.88196, 44.47726 ], [ 6.85401, 44.52913 ], [ 6.93351, 44.57595 ], [ 6.94833, 44.65482 ], [ 6.91449, 44.6595 ], [ 6.8398, 44.60859 ], [ 6.7722, 44.58891 ], [ 6.73718, 44.55254 ], [ 6.6843, 44.5413 ], [ 6.66823, 44.50013 ], [ 6.64171, 44.48527 ], [ 6.63238, 44.44713 ], [ 6.56244, 44.44549 ], [ 6.41388, 44.46929 ], [ 6.362, 44.52207 ], [ 6.32711, 44.46359 ], [ 6.29331, 44.48094 ], [ 6.23371, 44.46383 ], [ 6.26249, 44.41225 ], [ 6.22822, 44.3817 ], [ 6.15562, 44.46196 ], [ 6.08375, 44.47776 ], [ 6.07114, 44.45053 ], [ 6.02038, 44.42005 ], [ 5.95367, 44.39506 ], [ 5.91232, 44.27153 ], [ 5.82392, 44.2789 ], [ 5.8818, 44.211 ], [ 5.82857, 44.20066 ], [ 5.7555, 44.21021 ], [ 5.67604, 44.19143 ] ] ] ] } },
{ "type": "Feature", "properties": { "nom": "Hautes-Alpes", "code": "05", "is_drom": false }, "geometry": { "type": "MultiPolygon", "coordinates": [ [ [ [ 6.26057, 45.12684 ], [ 6.22939, 45.10875 ], [ 6.20392, 45.01247 ], [ 6.25176, 44.9967 ], [ 6.3182, 45.00386 ], [ 6.329, 44.94732 ], [ 6.35884, 44.94128 ], [ 6.35536, 44.85478 ], [ 6.30285, 44.87326 ], [ 6.25054, 44.85265 ], [ 6.13623, 44.86407 ], [ 6.05634, 44.81591 ], [ 6.03022, 44.8381 ], [ 5.94952, 44.80453 ], [ 5.98015, 44.78118 ], [ 5.91523, 44.7547 ], [ 5.85039, 44.75075 ], [ 5.80147, 44.70678 ], [ 5.82711, 44.70029 ], [ 5.79062, 44.65329 ], [ 5.75394, 44.66271 ], [ 5.72603, 44.63939 ], [ 5.64172, 44.65108 ], [ 5.64963, 44.61788 ], [ 5.59725, 44.54327 ], [ 5.6308, 44.5316 ], [ 5.60364, 44.46554 ], [ 5.51334, 44.49113 ], [ 5.46358, 44.48051 ], [ 5.46443, 44.44789 ], [ 5.41853, 44.42494 ], [ 5.49307, 44.33717 ], [ 5.51354, 44.34749 ], [ 5.6316, 44.32831 ], [ 5.64678, 44.26709 ], [ 5.68656, 44.26692 ], [ 5.67604, 44.19143 ], [ 5.7555, 44.21021 ], [ 5.82857, 44.20066 ], [ 5.8818, 44.211 ], [ 5.82392, 44.2789 ], [ 5.91232, 44.27153 ], [ 5.95367, 44.39506 ], [ 6.02038, 44.42005 ], [ 6.07114, 44.45053 ], [ 6.08375, 44.47776 ], [ 6.15562, 44.46196 ], [ 6.22822, 44.3817 ], [ 6.26249, 44.41225 ], [ 6.23371, 44.46383 ], [ 6.29331, 44.48094 ], [ 6.32711, 44.46359 ], [ 6.362, 44.52207 ], [ 6.41388, 44.46929 ], [ 6.56244, 44.44549 ], [ 6.63238, 44.44713 ], [ 6.64171, 44.48527 ], [ 6.66823, 44.50013 ], [ 6.6843, 44.5413 ], [ 6.73718, 44.55254 ], [ 6.7722, 44.58891 ], [ 6.8398, 44.60859 ], [ 6.91449, 44.6595 ], [ 6.94833, 44.65482 ], [ 6.98706, 44.69014 ], [ 7.0771, 44.68091 ], [ 7.06578, 44.7136 ], [ 7.02373, 44.74102 ], [ 6.99957, 44.78944 ], [ 7.00677, 44.83932 ], [ 6.93369, 44.86203 ], [ 6.91377, 44.84542 ], [ 6.85987, 44.8529 ], [ 6.74975, 44.90736 ], [ 6.76346, 44.97122 ], [ 6.74081, 45.01673 ], [ 6.67388, 45.01962 ], [ 6.66211, 45.07164 ], [ 6.62999, 45.10932 ], [ 6.57653, 45.12309 ], [ 6.55673, 45.10408 ], [ 6.48126, 45.09414 ], [ 6.48624, 45.05608 ], [ 6.39391, 45.06182 ], [ 6.36293, 45.10449 ], [ 6.3313, 45.11812 ], [ 6.28628, 45.11016 ], [ 6.26057, 45.12684 ] ] ] ] } },
{ "type": "Feature", "properties": { "nom": "Ardèche", "code": "07", "is_drom": false }, "geometry": { "type": "MultiPolygon", "coordinates": [ [ [ [ 4.48313, 45.23645 ], [ 4.48036, 45.19533 ], [ 4.44326, 45.14083 ], [ 4.37656, 45.14436 ], [ 4.3753, 45.10483 ], [ 4.28982, 44.9973 ], [ 4.31167, 44.97178 ], [ 4.22171, 44.96134 ], [ 4.21585, 44.93272 ], [ 4.15616, 44.87333 ], [ 4.03963, 44.87316 ], [ 4.02838, 44.83408 ], [ 3.937, 44.79542 ], [ 3.89658, 44.75601 ], [ 3.86253, 44.74387 ], [ 3.86151, 44.71202 ], [ 3.89474, 44.65113 ], [ 3.90517, 44.59271 ], [ 3.94515, 44.57379 ], [ 3.9837, 44.51017 ], [ 3.99816, 44.4598 ], [ 4.06844, 44.40511 ], [ 4.05299, 44.37869 ], [ 4.05146, 44.31732 ], [ 4.12675, 44.33773 ], [ 4.14287, 44.31335 ], [ 4.25885, 44.26478 ], [ 4.28842, 44.31466 ], [ 4.33607, 44.33952 ], [ 4.40321, 44.3339 ], [ 4.39898, 44.28894 ], [ 4.4405, 44.28405 ], [ 4.45762, 44.34164 ], [ 4.50354, 44.34019 ], [ 4.5587, 44.30244 ], [ 4.64923, 44.27036 ], [ 4.65061, 44.3298 ], [ 4.64895, 44.37246 ], [ 4.66737, 44.43067 ], [ 4.69865, 44.45231 ], [ 4.69364, 44.54223 ], [ 4.71027, 44.58155 ], [ 4.74041, 44.60239 ], [ 4.77907, 44.6547 ], [ 4.76285, 44.72009 ], [ 4.76622, 44.77862 ], [ 4.82252, 44.81709 ], [ 4.85946, 44.87175 ], [ 4.8579, 44.90316 ], [ 4.88659, 44.93665 ], [ 4.83767, 45.00479 ], [ 4.82736, 45.10215 ], [ 4.80446, 45.13319 ], [ 4.81247, 45.16448 ], [ 4.80049, 45.29836 ], [ 4.76993, 45.31601 ], [ 4.756, 45.36567 ], [ 4.67951, 45.34611 ], [ 4.6145, 45.30983 ], [ 4.59177, 45.2713 ], [ 4.60242, 45.2517 ], [ 4.48313, 45.23645 ] ] ] ] } },
{ "type": "Feature", "properties": { "nom": "Ardennes", "code": "08", "is_drom": false }, "geometry": { "type": "MultiPolygon", "coordinates": [ [ [ [ 4.23306, 49.95782 ], [ 4.21871, 49.92069 ], [ 4.25406, 49.904 ], [ 4.24851, 49.85652 ], [ 4.22349, 49.83376 ], [ 4.20959, 49.78178 ], [ 4.25009, 49.7571 ], [ 4.1783, 49.69804 ], [ 4.12703, 49.67792 ], [ 4.09931, 49.62848 ], [ 4.04325, 49.63615 ], [ 4.0314, 49.61429 ], [ 4.07657, 49.57113 ], [ 4.07584, 49.51835 ], [ 4.04071, 49.50853 ], [ 4.03767, 49.43826 ], [ 4.04797, 49.40564 ], [ 4.14316, 49.40419 ], [ 4.24832, 49.38226 ], [ 4.30676, 49.32779 ], [ 4.35416, 49.31616 ], [ 4.42258, 49.28064 ], [ 4.51544, 49.28191 ], [ 4.57587, 49.29665 ], [ 4.6251, 49.23565 ], [ 4.68608, 49.25676 ], [ 4.74423, 49.24147 ], [ 4.82695, 49.23576 ], [ 4.89421, 49.25907 ], [ 4.95099, 49.23687 ], [ 5.02378, 49.27245 ], [ 5.05118, 49.27405 ], [ 5.02643, 49.33592 ], [ 5.08636, 49.40263 ], [ 5.1159, 49.42193 ], [ 5.10945, 49.45542 ], [ 5.06239, 49.49915 ], [ 5.11828, 49.59307 ], [ 5.16298, 49.56353 ], [ 5.23276, 49.56948 ], [ 5.26271, 49.54182 ], [ 5.31176, 49.55929 ], [ 5.34324, 49.5942 ], [ 5.39354, 49.61709 ], [ 5.35034, 49.63086 ], [ 5.26918, 49.69607 ], [ 5.1662, 49.69291 ], [ 5.0935, 49.76373 ], [ 5.06318, 49.76192 ], [ 4.95613, 49.80123 ], [ 4.93093, 49.78685 ], [ 4.85538, 49.79236 ], [ 4.87388, 49.8208 ], [ 4.85419, 49.86479 ], [ 4.88331, 49.89618 ], [ 4.85019, 49.94647 ], [ 4.79091, 49.9584 ], [ 4.82199, 50.02741 ], [ 4.84039, 50.03759 ], [ 4.84355, 50.09337 ], [ 4.86853, 50.09762 ], [ 4.87956, 50.15203 ], [ 4.82429, 50.16073 ], [ 4.76216, 50.1364 ], [ 4.75164, 50.1121 ], [ 4.70208, 50.09553 ], [ 4.68318, 50.06492 ], [ 4.68887, 49.9955 ], [ 4.59306, 49.98551 ], [ 4.51041, 49.94668 ], [ 4.44694, 49.93751 ], [ 4.34971, 49.95218 ], [ 4.33365, 49.96356 ], [ 4.23306, 49.95782 ] ] ] ] } },
{ "type": "Feature", "properties": { "nom": "Ariège", "code": "09", "is_drom": false }, "geometry": { "type": "MultiPolygon", "coordinates": [ [ [ [ 1.68842, 43.27355 ], [ 1.63721, 43.25512 ], [ 1.54752, 43.27568 ], [ 1.46372, 43.2106 ], [ 1.41761, 43.22784 ], [ 1.42536, 43.25657 ], [ 1.34365, 43.3156 ], [ 1.29331, 43.28534 ], [ 1.33188, 43.24884 ], [ 1.37515, 43.23779 ], [ 1.37438, 43.21374 ], [ 1.3146, 43.18999 ], [ 1.27407, 43.19623 ], [ 1.22748, 43.1839 ], [ 1.21895, 43.15317 ], [ 1.26893, 43.14654 ], [ 1.29145, 43.12411 ], [ 1.22363, 43.08606 ], [ 1.20873, 43.11795 ], [ 1.12408, 43.15691 ], [ 1.08798, 43.13382 ], [ 1.05892, 43.14183 ], [ 1.03884, 43.10055 ], [ 0.98517, 43.06705 ], [ 0.98674, 43.0275 ], [ 1.00705, 43.00759 ], [ 0.9791, 42.97443 ], [ 0.87492, 42.95778 ], [ 0.87604, 42.92691 ], [ 0.83242, 42.91999 ], [ 0.8583, 42.82572 ], [ 0.92733, 42.78926 ], [ 1.07511, 42.78535 ], [ 1.1301, 42.75207 ], [ 1.16185, 42.71104 ], [ 1.23021, 42.72758 ], [ 1.27756, 42.71475 ], [ 1.32502, 42.7239 ], [ 1.3896, 42.68509 ], [ 1.43506, 42.60607 ], [ 1.46834, 42.63082 ], [ 1.54925, 42.65577 ], [ 1.60147, 42.62804 ], [ 1.68736, 42.6239 ], [ 1.72592, 42.59036 ], [ 1.78613, 42.57362 ], [ 1.87448, 42.58141 ], [ 1.90729, 42.60863 ], [ 1.97175, 42.61692 ], [ 2.00052, 42.66156 ], [ 2.11986, 42.66946 ], [ 2.16605, 42.66392 ], [ 2.17588, 42.68279 ], [ 2.05721, 42.75622 ], [ 2.00793, 42.73412 ], [ 1.9554, 42.7367 ], [ 1.90818, 42.76767 ], [ 1.89609, 42.80867 ], [ 1.86024, 42.82761 ], [ 1.88047, 42.85267 ], [ 1.94566, 42.8562 ], [ 1.98692, 42.87101 ], [ 1.98058, 42.92958 ], [ 1.9851, 43.02627 ], [ 1.94113, 43.05272 ], [ 1.94947, 43.11949 ], [ 1.8804, 43.14153 ], [ 1.82478, 43.14581 ], [ 1.71006, 43.1897 ], [ 1.72385, 43.22452 ], [ 1.68842, 43.27355 ] ] ] ] } },
{ "type": "Feature", "properties": { "nom": "Charente-Maritime", "code": "17", "is_drom": false }, "geometry": { "type": "MultiPolygon", "coordinates": [ [ [ [ -1.4809, 46.21003 ], [ -1.48201, 46.24719 ], [ -1.51437, 46.25771 ], [ -1.56141, 46.23719 ], [ -1.53532, 46.20439 ], [ -1.4616, 46.20212 ], [ -1.35496, 46.15589 ], [ -1.27617, 46.14726 ], [ -1.29107, 46.18624 ], [ -1.3639, 46.20747 ], [ -1.4809, 46.21003 ] ] ], [ [ [ -1.12941, 46.31027 ], [ -1.11117, 46.26134 ], [ -1.199, 46.21324 ], [ -1.22387, 46.16595 ], [ -1.12641, 46.12426 ], [ -1.08884, 46.05395 ], [ -1.05269, 46.01118 ], [ -1.09895, 45.99051 ], [ -1.06433, 45.94991 ], [ -1.10089, 45.87221 ], [ -1.15459, 45.84081 ], [ -1.13716, 45.8199 ], [ -1.192, 45.78937 ], [ -1.24257, 45.78158 ], [ -1.23722, 45.7059 ], [ -1.11585, 45.64698 ], [ -1.00963, 45.61144 ], [ -1.02574, 45.57469 ], [ -0.84106, 45.43509 ], [ -0.77402, 45.36921 ], [ -0.75268, 45.32177 ], [ -0.7233, 45.327 ], [ -0.59449, 45.32114 ], [ -0.55951, 45.29771 ], [ -0.48622, 45.29357 ], [ -0.4292, 45.27948 ], [ -0.40511, 45.23982 ], [ -0.4175, 45.20402 ], [ -0.39407, 45.16478 ], [ -0.34234, 45.16755 ], [ -0.27536, 45.1414 ], [ -0.25509, 45.11408 ], [ -0.15296, 45.08881 ], [ -0.0877, 45.12139 ], [ -0.0402, 45.10238 ], [ -0.03705, 45.13903 ], [ 0.00434, 45.19163 ], [ 0.00582, 45.22141 ], [ -0.04417, 45.24789 ], [ -0.11538, 45.24807 ], [ -0.10878, 45.28895 ], [ -0.2267, 45.32143 ], [ -0.28385, 45.30995 ], [ -0.2809, 45.35987 ], [ -0.3098, 45.37372 ], [ -0.24976, 45.40875 ], [ -0.26743, 45.45568 ], [ -0.24615, 45.49164 ], [ -0.26615, 45.52506 ], [ -0.32162, 45.53496 ], [ -0.29672, 45.5645 ], [ -0.37592, 45.60892 ], [ -0.40893, 45.65618 ], [ -0.42213, 45.70947 ], [ -0.41583, 45.74167 ], [ -0.44882, 45.76593 ], [ -0.32129, 45.7845 ], [ -0.27312, 45.80656 ], [ -0.22175, 45.77574 ], [ -0.15309, 45.79574 ], [ -0.1154, 45.87066 ], [ -0.13166, 45.91102 ], [ -0.08645, 45.94999 ], [ -0.10294, 45.96966 ], [ -0.21297, 46.0441 ], [ -0.27303, 46.05731 ], [ -0.28174, 46.07975 ], [ -0.40051, 46.08472 ], [ -0.50609, 46.10671 ], [ -0.547, 46.14423 ], [ -0.61996, 46.13775 ], [ -0.69072, 46.21921 ], [ -0.75147, 46.24507 ], [ -0.73589, 46.26688 ], [ -0.75047, 46.30425 ], [ -0.83988, 46.34037 ], [ -0.93489, 46.31286 ], [ -0.94416, 46.33605 ], [ -1.01381, 46.35562 ], [ -1.08072, 46.32143 ], [ -1.12941, 46.31027 ] ] ], [ [ [ -1.25026, 45.84596 ], [ -1.23642, 45.80453 ], [ -1.19562, 45.82969 ], [ -1.20771, 45.85034 ], [ -1.18843, 45.88675 ], [ -1.22357, 45.91311 ], [ -1.24792, 45.99042 ], [ -1.31276, 45.99298 ], [ -1.36593, 46.02727 ], [ -1.38725, 45.99387 ], [ -1.38392, 45.95145 ], [ -1.26615, 45.87817 ], [ -1.25026, 45.84596 ] ] ] ] } },
{ "type": "Feature", "properties": { "nom": "Corrèze", "code": "19", "is_drom": false }, "geometry": { "type": "MultiPolygon", "coordinates": [ [ [ [ 1.89873, 45.69828 ], [ 1.87135, 45.66465 ], [ 1.78387, 45.68036 ], [ 1.74805, 45.6457 ], [ 1.71225, 45.64134 ], [ 1.63767, 45.58035 ], [ 1.59296, 45.57507 ], [ 1.5572, 45.54937 ], [ 1.48037, 45.56594 ], [ 1.45026, 45.5304 ], [ 1.41206, 45.52808 ], [ 1.35008, 45.46689 ], [ 1.28705, 45.48993 ], [ 1.25315, 45.44422 ], [ 1.28818, 45.42732 ], [ 1.25961, 45.39835 ], [ 1.32279, 45.38266 ], [ 1.2726, 45.32823 ], [ 1.23942, 45.32275 ], [ 1.22712, 45.27198 ], [ 1.27749, 45.24208 ], [ 1.23361, 45.22219 ], [ 1.27522, 45.19909 ], [ 1.29651, 45.14019 ], [ 1.41289, 45.12509 ], [ 1.38644, 45.10288 ], [ 1.39956, 45.06118 ], [ 1.44826, 45.01931 ], [ 1.53572, 45.04628 ], [ 1.65098, 45.02501 ], [ 1.75062, 44.95496 ], [ 1.77493, 44.92372 ], [ 1.82391, 44.92768 ], [ 1.88741, 44.95656 ], [ 1.90816, 44.97842 ], [ 1.95577, 44.95832 ], [ 1.98536, 44.97445 ], [ 2.06291, 44.9765 ], [ 2.13298, 44.98552 ], [ 2.09516, 45.05603 ], [ 2.14565, 45.08559 ], [ 2.17176, 45.0815 ], [ 2.2137, 45.16019 ], [ 2.19536, 45.22085 ], [ 2.24134, 45.24943 ], [ 2.27141, 45.29015 ], [ 2.31774, 45.32296 ], [ 2.35048, 45.32756 ], [ 2.37825, 45.4143 ], [ 2.44187, 45.38426 ], [ 2.52273, 45.38208 ], [ 2.48747, 45.41884 ], [ 2.50841, 45.4785 ], [ 2.51633, 45.55343 ], [ 2.49093, 45.56039 ], [ 2.46534, 45.60082 ], [ 2.48339, 45.6393 ], [ 2.5143, 45.63953 ], [ 2.52836, 45.68192 ], [ 2.49213, 45.73767 ], [ 2.43585, 45.69927 ], [ 2.34919, 45.70948 ], [ 2.33776, 45.6806 ], [ 2.19396, 45.69904 ], [ 2.17435, 45.73221 ], [ 2.11355, 45.72478 ], [ 2.0814, 45.74711 ], [ 2.01761, 45.75549 ], [ 1.98852, 45.72135 ], [ 1.95658, 45.72476 ], [ 1.89873, 45.69828 ] ] ] ] } },
{ "type": "Feature", "properties": { "nom": "Dordogne", "code": "24", "is_drom": false }, "geometry": { "type": "MultiPolygon", "coordinates": [ [ [ [ 0.62974, 45.71457 ], [ 0.6007, 45.67214 ], [ 0.49965, 45.61726 ], [ 0.51559, 45.60038 ], [ 0.49626, 45.54449 ], [ 0.46574, 45.53962 ], [ 0.43279, 45.50246 ], [ 0.35653, 45.46548 ], [ 0.30785, 45.46087 ], [ 0.27061, 45.42041 ], [ 0.24933, 45.36305 ], [ 0.2666, 45.29775 ], [ 0.22003, 45.28981 ], [ 0.20485, 45.26401 ], [ 0.12773, 45.20911 ], [ 0.09619, 45.22786 ], [ 0.05343, 45.22685 ], [ 0.00434, 45.19163 ], [ -0.03705, 45.13903 ], [ -0.0402, 45.10238 ], [ -0.00356, 45.11957 ], [ 0.04606, 45.11323 ], [ 0.07329, 45.07012 ], [ 0.00738, 44.9473 ], [ 0.03436, 44.91547 ], [ -0.01544, 44.85771 ], [ 0.08303, 44.83122 ], [ 0.17043, 44.82668 ], [ 0.24176, 44.8569 ], [ 0.27422, 44.7834 ], [ 0.29733, 44.76229 ], [ 0.33544, 44.73743 ], [ 0.36557, 44.66221 ], [ 0.41471, 44.64633 ], [ 0.63048, 44.70653 ], [ 0.65743, 44.67785 ], [ 0.72914, 44.67608 ], [ 0.827, 44.69189 ], [ 0.8434, 44.66348 ], [ 0.817, 44.62701 ], [ 0.86999, 44.59731 ], [ 0.92748, 44.63543 ], [ 0.97912, 44.64361 ], [ 1.01475, 44.6141 ], [ 1.07331, 44.59558 ], [ 1.07514, 44.57733 ], [ 1.15379, 44.63941 ], [ 1.14668, 44.67035 ], [ 1.22455, 44.68427 ], [ 1.28778, 44.71478 ], [ 1.32282, 44.76513 ], [ 1.29964, 44.79692 ], [ 1.36411, 44.81157 ], [ 1.36141, 44.8408 ], [ 1.40194, 44.84945 ], [ 1.44193, 44.87758 ], [ 1.44235, 44.91655 ], [ 1.4133, 44.99938 ], [ 1.44826, 45.01931 ], [ 1.39956, 45.06118 ], [ 1.38644, 45.10288 ], [ 1.41289, 45.12509 ], [ 1.29651, 45.14019 ], [ 1.27522, 45.19909 ], [ 1.23361, 45.22219 ], [ 1.27749, 45.24208 ], [ 1.22712, 45.27198 ], [ 1.23942, 45.32275 ], [ 1.2726, 45.32823 ], [ 1.32279, 45.38266 ], [ 1.25961, 45.39835 ], [ 1.28818, 45.42732 ], [ 1.25315, 45.44422 ], [ 1.11978, 45.48779 ], [ 1.16729, 45.52482 ], [ 1.11033, 45.54491 ], [ 1.08036, 45.534 ], [ 1.0378, 45.56874 ], [ 1.03584, 45.60021 ], [ 0.93455, 45.61158 ], [ 0.8115, 45.57587 ], [ 0.75153, 45.61832 ], [ 0.77584, 45.66757 ], [ 0.7165, 45.69493 ], [ 0.67132, 45.68626 ], [ 0.62974, 45.71457 ] ] ] ] } },
{ "type": "Feature", "properties": { "nom": "Eure", "code": "27", "is_drom": false }, "geometry": { "type": "MultiPolygon", "coordinates": [ [ [ [ 0.29722, 49.42986 ], [ 0.30171, 49.37131 ], [ 0.32343, 49.34064 ], [ 0.32302, 49.29699 ], [ 0.36621, 49.29499 ], [ 0.38278, 49.26402 ], [ 0.33742, 49.23148 ], [ 0.39472, 49.20844 ], [ 0.39469, 49.15011 ], [ 0.42487, 49.1302 ], [ 0.37767, 49.04945 ], [ 0.42589, 49.03196 ], [ 0.43675, 49.00819 ], [ 0.41281, 48.95063 ], [ 0.38618, 48.91041 ], [ 0.45736, 48.87976 ], [ 0.5525, 48.87553 ], [ 0.57804, 48.89365 ], [ 0.61029, 48.83131 ], [ 0.7335, 48.78337 ], [ 0.77496, 48.73753 ], [ 0.73059, 48.7052 ], [ 0.76408, 48.67527 ], [ 0.81482, 48.67016 ], [ 0.87671, 48.7155 ], [ 0.9212, 48.70918 ], [ 0.96144, 48.72572 ], [ 1.03165, 48.73058 ], [ 1.05907, 48.75677 ], [ 1.11266, 48.75186 ], [ 1.1214, 48.7892 ], [ 1.18474, 48.77263 ], [ 1.31954, 48.76096 ], [ 1.37696, 48.79177 ], [ 1.36218, 48.83418 ], [ 1.46835, 48.89222 ], [ 1.44796, 48.92464 ], [ 1.50153, 48.94105 ], [ 1.49742, 48.97955 ], [ 1.45776, 49.02629 ], [ 1.52177, 49.06855 ], [ 1.6088, 49.07789 ], [ 1.65578, 49.13016 ], [ 1.67574, 49.21187 ], [ 1.70436, 49.2322 ], [ 1.71048, 49.26447 ], [ 1.80267, 49.27195 ], [ 1.77562, 49.29969 ], [ 1.75941, 49.36815 ], [ 1.71393, 49.40922 ], [ 1.6593, 49.39899 ], [ 1.60696, 49.41085 ], [ 1.57542, 49.44014 ], [ 1.50417, 49.43803 ], [ 1.41213, 49.4565 ], [ 1.34524, 49.44806 ], [ 1.27214, 49.34628 ], [ 1.16026, 49.342 ], [ 1.13399, 49.30984 ], [ 1.04814, 49.29788 ], [ 1.05407, 49.26811 ], [ 1.01332, 49.25226 ], [ 0.95774, 49.28934 ], [ 0.92141, 49.33855 ], [ 0.91812, 49.38546 ], [ 0.81888, 49.39818 ], [ 0.76487, 49.41958 ], [ 0.66528, 49.402 ], [ 0.63412, 49.43446 ], [ 0.58188, 49.43363 ], [ 0.52493, 49.47787 ], [ 0.49008, 49.48361 ], [ 0.43153, 49.45895 ], [ 0.33898, 49.44093 ], [ 0.29722, 49.42986 ] ] ] ] } },
{ "type": "Feature", "properties": { "nom": "Indre-et-Loire", "code": "37", "is_drom": false }, "geometry": { "type": "MultiPolygon", "coordinates": [ [ [ [ 0.23, 47.6084 ], [ 0.23453, 47.57798 ], [ 0.2015, 47.54432 ], [ 0.22011, 47.50195 ], [ 0.18094, 47.4534 ], [ 0.18528, 47.42474 ], [ 0.15386, 47.39873 ], [ 0.14165, 47.36196 ], [ 0.07898, 47.28282 ], [ 0.0666, 47.1898 ], [ 0.05383, 47.16373 ], [ 0.07637, 47.12393 ], [ 0.13613, 47.12158 ], [ 0.17422, 47.07127 ], [ 0.20799, 47.05323 ], [ 0.24245, 47.07119 ], [ 0.29823, 47.05392 ], [ 0.3097, 47.02564 ], [ 0.30074, 46.97383 ], [ 0.32484, 46.93065 ], [ 0.36651, 46.94955 ], [ 0.4387, 46.92958 ], [ 0.50613, 46.95925 ], [ 0.59835, 46.95676 ], [ 0.56695, 47.00227 ], [ 0.61887, 47.00746 ], [ 0.63621, 46.98545 ], [ 0.69257, 46.9743 ], [ 0.70432, 46.9033 ], [ 0.75088, 46.86352 ], [ 0.79033, 46.85239 ], [ 0.8119, 46.7945 ], [ 0.86747, 46.74822 ], [ 0.9247, 46.75713 ], [ 0.95638, 46.73709 ], [ 0.98881, 46.76154 ], [ 1.04987, 46.98064 ], [ 1.07762, 47.01584 ], [ 1.16142, 47.03962 ], [ 1.22307, 47.02431 ], [ 1.27306, 47.03783 ], [ 1.31167, 47.09698 ], [ 1.36537, 47.12205 ], [ 1.32666, 47.18622 ], [ 1.27691, 47.25471 ], [ 1.22353, 47.29408 ], [ 1.16206, 47.2722 ], [ 1.10812, 47.2984 ], [ 1.09486, 47.32853 ], [ 1.12283, 47.35402 ], [ 1.10748, 47.41132 ], [ 1.13236, 47.44647 ], [ 1.0945, 47.46932 ], [ 1.0453, 47.53149 ], [ 1.07633, 47.56322 ], [ 1.03335, 47.60701 ], [ 0.91901, 47.63261 ], [ 0.86389, 47.59963 ], [ 0.84592, 47.64775 ], [ 0.8595, 47.6692 ], [ 0.73532, 47.6954 ], [ 0.71215, 47.68181 ], [ 0.63087, 47.70935 ], [ 0.61443, 47.69422 ], [ 0.5429, 47.6562 ], [ 0.45663, 47.63883 ], [ 0.42391, 47.61782 ], [ 0.36465, 47.62601 ], [ 0.40217, 47.579 ], [ 0.37895, 47.5691 ], [ 0.32325, 47.59289 ], [ 0.23, 47.6084 ] ] ] ] } },
{ "type": "Feature", "properties": { "nom": "Lozère", "code": "48", "is_drom": false }, "geometry": { "type": "MultiPolygon", "coordinates": [ [ [ [ 3.36135, 44.97141 ], [ 3.28602, 44.92638 ], [ 3.24969, 44.91624 ], [ 3.21596, 44.87504 ], [ 3.18232, 44.86374 ], [ 3.1411, 44.90332 ], [ 3.10549, 44.88677 ], [ 3.09948, 44.83358 ], [ 3.06152, 44.81717 ], [ 2.98168, 44.64467 ], [ 3.08359, 44.55902 ], [ 3.06854, 44.50349 ], [ 3.13574, 44.45487 ], [ 3.14173, 44.42846 ], [ 3.11972, 44.38338 ], [ 3.15426, 44.30837 ], [ 3.12523, 44.28446 ], [ 3.22985, 44.22625 ], [ 3.20661, 44.18993 ], [ 3.29501, 44.20694 ], [ 3.3578, 44.19791 ], [ 3.37365, 44.17076 ], [ 3.43083, 44.148 ], [ 3.43973, 44.1291 ], [ 3.63349, 44.1227 ], [ 3.63777, 44.17549 ], [ 3.67864, 44.18276 ], [ 3.797, 44.12739 ], [ 3.8621, 44.13007 ], [ 3.9526, 44.1708 ], [ 3.93707, 44.1956 ], [ 3.95131, 44.24779 ], [ 3.92286, 44.30522 ], [ 3.95233, 44.32839 ], [ 3.88592, 44.388 ], [ 3.94436, 44.39957 ], [ 3.99816, 44.4598 ], [ 3.9837, 44.51017 ], [ 3.94515, 44.57379 ], [ 3.90517, 44.59271 ], [ 3.89474, 44.65113 ], [ 3.86151, 44.71202 ], [ 3.86253, 44.74387 ], [ 3.80323, 44.78158 ], [ 3.74065, 44.8387 ], [ 3.66636, 44.82878 ], [ 3.65952, 44.86994 ], [ 3.59433, 44.87543 ], [ 3.58936, 44.83219 ], [ 3.47577, 44.81537 ], [ 3.41798, 44.90077 ], [ 3.41283, 44.94484 ], [ 3.36135, 44.97141 ] ] ] ] } },
{ "type": "Feature", "properties": { "nom": "Nièvre", "code": "58", "is_drom": false }, "geometry": { "type": "MultiPolygon", "coordinates": [ [ [ [ 2.87463, 47.52042 ], [ 2.9289, 47.44456 ], [ 2.91845, 47.40552 ], [ 2.87349, 47.3484 ], [ 2.90777, 47.31099 ], [ 2.9834, 47.25977 ], [ 2.98169, 47.22199 ], [ 3.02809, 47.12906 ], [ 3.02322, 47.06261 ], [ 3.07574, 47.01915 ], [ 3.06293, 46.98109 ], [ 3.07933, 46.95512 ], [ 3.0503, 46.91063 ], [ 3.0681, 46.87768 ], [ 3.05935, 46.82726 ], [ 3.03206, 46.79491 ], [ 3.04907, 46.75808 ], [ 3.12978, 46.7272 ], [ 3.16315, 46.69354 ], [ 3.21554, 46.68289 ], [ 3.2698, 46.71674 ], [ 3.3467, 46.68442 ], [ 3.37873, 46.71135 ], [ 3.43414, 46.71191 ], [ 3.44734, 46.66355 ], [ 3.48715, 46.65826 ], [ 3.55039, 46.71586 ], [ 3.598, 46.72398 ], [ 3.62942, 46.74946 ], [ 3.66207, 46.73806 ], [ 3.73619, 46.75247 ], [ 3.78262, 46.73619 ], [ 3.79732, 46.7015 ], [ 3.9234, 46.73887 ], [ 3.99196, 46.77675 ], [ 4.06271, 46.78936 ], [ 4.05623, 46.84327 ], [ 4.09385, 46.87474 ], [ 4.03722, 46.91815 ], [ 4.05572, 46.95675 ], [ 4.0394, 46.98511 ], [ 4.07202, 47.0545 ], [ 4.03872, 47.08001 ], [ 4.06143, 47.12104 ], [ 4.11597, 47.12334 ], [ 4.1819, 47.15051 ], [ 4.20983, 47.15541 ], [ 4.23066, 47.19895 ], [ 4.17805, 47.25029 ], [ 4.13548, 47.2374 ], [ 4.11643, 47.27638 ], [ 4.10608, 47.33926 ], [ 4.05017, 47.34024 ], [ 4.02876, 47.31558 ], [ 3.97309, 47.33271 ], [ 3.97068, 47.37832 ], [ 3.85991, 47.38869 ], [ 3.87991, 47.42981 ], [ 3.78564, 47.39054 ], [ 3.71479, 47.40684 ], [ 3.67899, 47.44554 ], [ 3.58011, 47.4649 ], [ 3.58061, 47.49787 ], [ 3.51351, 47.52767 ], [ 3.48788, 47.49392 ], [ 3.44563, 47.5112 ], [ 3.39729, 47.50886 ], [ 3.34631, 47.47244 ], [ 3.30705, 47.49472 ], [ 3.23548, 47.48918 ], [ 3.20465, 47.52297 ], [ 3.16519, 47.5175 ], [ 3.12205, 47.54105 ], [ 3.102, 47.58796 ], [ 3.02564, 47.55875 ], [ 2.97654, 47.56942 ], [ 2.9143, 47.56597 ], [ 2.8489, 47.53754 ], [ 2.87463, 47.52042 ] ] ] ] } },
{ "type": "Feature", "properties": { "nom": "Oise", "code": "60", "is_drom": false }, "geometry": { "type": "MultiPolygon", "coordinates": [ [ [ [ 1.78383, 49.75831 ], [ 1.74095, 49.73859 ], [ 1.68957, 49.69479 ], [ 1.7252, 49.67264 ], [ 1.70345, 49.64518 ], [ 1.70458, 49.6054 ], [ 1.74513, 49.53174 ], [ 1.71923, 49.50822 ], [ 1.76634, 49.46615 ], [ 1.71393, 49.40922 ], [ 1.75941, 49.36815 ], [ 1.77562, 49.29969 ], [ 1.80267, 49.27195 ], [ 1.71048, 49.26447 ], [ 1.70436, 49.2322 ], [ 1.72966, 49.2292 ], [ 1.74214, 49.18015 ], [ 1.79547, 49.18526 ], [ 1.88523, 49.16264 ], [ 1.99682, 49.17645 ], [ 2.08089, 49.20977 ], [ 2.18195, 49.17368 ], [ 2.21865, 49.18069 ], [ 2.25248, 49.15288 ], [ 2.31093, 49.1864 ], [ 2.34626, 49.16182 ], [ 2.4409, 49.1458 ], [ 2.59053, 49.07965 ], [ 2.63328, 49.10837 ], [ 2.73501, 49.06045 ], [ 2.84515, 49.08466 ], [ 2.85574, 49.07026 ], [ 3.00852, 49.09151 ], [ 3.04836, 49.08632 ], [ 3.07188, 49.11755 ], [ 3.13966, 49.15258 ], [ 3.11685, 49.18929 ], [ 3.06408, 49.19274 ], [ 3.02689, 49.27553 ], [ 2.9744, 49.30234 ], [ 3.00151, 49.34002 ], [ 3.04291, 49.33357 ], [ 3.09538, 49.37712 ], [ 3.09378, 49.43374 ], [ 3.16058, 49.45159 ], [ 3.09578, 49.5134 ], [ 3.13147, 49.54338 ], [ 3.12201, 49.60374 ], [ 3.09778, 49.65669 ], [ 3.12735, 49.66956 ], [ 3.1184, 49.70596 ], [ 3.06295, 49.71257 ], [ 3.02616, 49.6803 ], [ 2.98959, 49.70802 ], [ 2.91571, 49.70267 ], [ 2.85726, 49.68367 ], [ 2.84184, 49.65943 ], [ 2.79361, 49.65595 ], [ 2.7995, 49.62059 ], [ 2.68915, 49.6256 ], [ 2.67072, 49.58141 ], [ 2.5715, 49.59708 ], [ 2.50475, 49.63946 ], [ 2.37315, 49.65626 ], [ 2.24717, 49.70164 ], [ 2.15649, 49.70211 ], [ 2.1214, 49.68807 ], [ 2.06114, 49.6922 ], [ 2.03549, 49.7091 ], [ 1.9332, 49.71963 ], [ 1.89387, 49.69898 ], [ 1.8381, 49.70842 ], [ 1.83674, 49.74012 ], [ 1.78383, 49.75831 ] ] ] ] } },
{ "type": "Feature", "properties": { "nom": "Pyrénées-Atlantiques", "code": "64", "is_drom": false }, "geometry": { "type": "MultiPolygon", "coordinates": [ [ [ [ -0.24283, 43.58498 ], [ -0.30369, 43.56028 ], [ -0.40604, 43.56823 ], [ -0.44829, 43.59609 ], [ -0.55717, 43.5428 ], [ -0.61569, 43.5444 ], [ -0.6708, 43.56672 ], [ -0.71539, 43.54111 ], [ -0.78178, 43.56417 ], [ -0.89669, 43.55049 ], [ -0.99339, 43.50539 ], [ -1.10925, 43.51413 ], [ -1.17082, 43.54561 ], [ -1.29119, 43.4982 ], [ -1.41778, 43.49777 ], [ -1.47662, 43.53918 ], [ -1.52487, 43.5297 ], [ -1.59739, 43.43749 ], [ -1.63911, 43.40836 ], [ -1.76202, 43.37589 ], [ -1.72975, 43.29568 ], [ -1.66576, 43.31408 ], [ -1.60893, 43.25213 ], [ -1.57512, 43.24984 ], [ -1.56472, 43.28791 ], [ -1.50533, 43.29279 ], [ -1.38279, 43.2533 ], [ -1.38383, 43.19082 ], [ -1.41395, 43.12918 ], [ -1.47174, 43.0811 ], [ -1.43519, 43.04503 ], [ -1.35475, 43.02847 ], [ -1.3433, 43.09538 ], [ -1.26429, 43.04456 ], [ -1.23115, 43.05449 ], [ -1.18073, 43.03253 ], [ -1.11066, 43.0205 ], [ -1.07026, 42.9977 ], [ -1.00645, 42.98899 ], [ -0.94646, 42.95406 ], [ -0.81001, 42.95144 ], [ -0.75163, 42.96694 ], [ -0.72507, 42.92303 ], [ -0.72976, 42.89656 ], [ -0.60364, 42.83262 ], [ -0.59273, 42.80323 ], [ -0.54381, 42.79316 ], [ -0.50965, 42.82539 ], [ -0.43975, 42.79646 ], [ -0.3926, 42.79956 ], [ -0.31344, 42.84938 ], [ -0.32708, 42.91579 ], [ -0.28159, 42.93356 ], [ -0.29155, 42.98777 ], [ -0.22395, 43.03368 ], [ -0.19915, 43.06441 ], [ -0.19098, 43.1112 ], [ -0.14614, 43.12823 ], [ -0.1177, 43.18032 ], [ -0.06787, 43.17712 ], [ -0.07253, 43.22439 ], [ -0.04587, 43.23214 ], [ -0.01701, 43.27045 ], [ -0.04612, 43.30086 ], [ -0.02487, 43.32949 ], [ 0.02378, 43.34914 ], [ -0.00525, 43.37376 ], [ 0.00959, 43.42211 ], [ -0.04275, 43.41043 ], [ -0.06903, 43.43735 ], [ -0.03396, 43.47488 ], [ -0.04014, 43.5126 ], [ -0.09679, 43.5824 ], [ -0.17642, 43.5964 ], [ -0.24283, 43.58498 ] ], [ [ -0.10222, 43.35851 ], [ -0.0625, 43.34671 ], [ -0.07504, 43.30714 ], [ -0.1114, 43.31581 ], [ -0.10222, 43.35851 ] ], [ [ -0.10307, 43.24282 ], [ -0.14062, 43.27194 ], [ -0.11185, 43.31039 ], [ -0.07984, 43.26237 ], [ -0.10307, 43.24282 ] ] ] ] } },
{ "type": "Feature", "properties": { "nom": "Rhône", "code": "69", "is_drom": false }, "geometry": { "type": "MultiPolygon", "coordinates": [ [ [ [ 4.38807, 46.21979 ], [ 4.39599, 46.18914 ], [ 4.43859, 46.16788 ], [ 4.41078, 46.13662 ], [ 4.38027, 46.15 ], [ 4.32157, 46.12922 ], [ 4.31096, 46.07919 ], [ 4.28041, 46.05295 ], [ 4.30609, 46.02123 ], [ 4.29391, 45.9534 ], [ 4.34375, 45.93112 ], [ 4.32393, 45.9005 ], [ 4.38303, 45.86399 ], [ 4.37587, 45.78208 ], [ 4.39125, 45.75493 ], [ 4.36552, 45.69852 ], [ 4.41028, 45.63205 ], [ 4.51977, 45.57325 ], [ 4.5686, 45.58347 ], [ 4.61486, 45.57547 ], [ 4.6505, 45.52825 ], [ 4.66175, 45.48675 ], [ 4.72234, 45.4943 ], [ 4.75693, 45.4557 ], [ 4.86848, 45.52344 ], [ 4.80869, 45.5723 ], [ 4.90146, 45.60626 ], [ 4.97198, 45.61268 ], [ 5.03515, 45.6372 ], [ 5.05423, 45.66014 ], [ 5.13105, 45.70771 ], [ 5.09453, 45.73945 ], [ 5.10107, 45.81338 ], [ 4.9238, 45.80399 ], [ 4.92149, 45.83268 ], [ 4.86451, 45.90462 ], [ 4.7291, 45.9491 ], [ 4.75463, 45.97362 ], [ 4.73953, 46.04721 ], [ 4.75032, 46.09415 ], [ 4.79744, 46.1407 ], [ 4.78021, 46.17668 ], [ 4.73053, 46.17837 ], [ 4.69311, 46.3022 ], [ 4.63526, 46.29929 ], [ 4.61856, 46.26479 ], [ 4.50399, 46.26713 ], [ 4.45837, 46.29698 ], [ 4.40581, 46.29606 ], [ 4.38807, 46.21979 ] ] ] ] } },
{ "type": "Feature", "properties": { "nom": "Saône-et-Loire", "code": "71", "is_drom": false }, "geometry": { "type": "MultiPolygon", "coordinates": [ [ [ [ 4.11597, 47.12334 ], [ 4.06143, 47.12104 ], [ 4.03872, 47.08001 ], [ 4.07202, 47.0545 ], [ 4.0394, 46.98511 ], [ 4.05572, 46.95675 ], [ 4.03722, 46.91815 ], [ 4.09385, 46.87474 ], [ 4.05623, 46.84327 ], [ 4.06271, 46.78936 ], [ 3.99196, 46.77675 ], [ 3.9234, 46.73887 ], [ 3.79732, 46.7015 ], [ 3.78262, 46.73619 ], [ 3.73619, 46.75247 ], [ 3.66207, 46.73806 ], [ 3.62942, 46.74946 ], [ 3.6379, 46.70721 ], [ 3.69696, 46.66058 ], [ 3.74329, 46.56757 ], [ 3.73154, 46.54958 ], [ 3.80176, 46.5199 ], [ 3.834, 46.53113 ], [ 3.89047, 46.48125 ], [ 3.95794, 46.48975 ], [ 3.99804, 46.46546 ], [ 3.97722, 46.39922 ], [ 3.9916, 46.36963 ], [ 3.98663, 46.3192 ], [ 3.91357, 46.29668 ], [ 3.89954, 46.27591 ], [ 3.89013, 46.21449 ], [ 3.97255, 46.20271 ], [ 3.98879, 46.16981 ], [ 4.03088, 46.17188 ], [ 4.10409, 46.19839 ], [ 4.13242, 46.17783 ], [ 4.26103, 46.17875 ], [ 4.28249, 46.15695 ], [ 4.38807, 46.21979 ], [ 4.40581, 46.29606 ], [ 4.45837, 46.29698 ], [ 4.50399, 46.26713 ], [ 4.61856, 46.26479 ], [ 4.63526, 46.29929 ], [ 4.69311, 46.3022 ], [ 4.73053, 46.17837 ], [ 4.78021, 46.17668 ], [ 4.811, 46.25992 ], [ 4.85342, 46.3299 ], [ 4.85145, 46.35627 ], [ 4.88821, 46.40298 ], [ 4.89182, 46.43992 ], [ 4.94002, 46.5172 ], [ 5.01101, 46.51029 ], [ 5.05237, 46.48487 ], [ 5.14195, 46.50836 ], [ 5.20114, 46.50821 ], [ 5.21506, 46.46836 ], [ 5.31056, 46.44677 ], [ 5.41574, 46.47314 ], [ 5.41955, 46.5023 ], [ 5.3592, 46.52256 ], [ 5.36212, 46.57727 ], [ 5.39765, 46.57983 ], [ 5.44111, 46.63754 ], [ 5.39109, 46.7287 ], [ 5.39025, 46.77059 ], [ 5.33293, 46.7961 ], [ 5.37024, 46.82617 ], [ 5.45677, 46.83097 ], [ 5.45929, 46.85525 ], [ 5.40182, 46.86832 ], [ 5.31696, 46.90405 ], [ 5.30849, 46.93736 ], [ 5.26326, 46.93591 ], [ 5.25523, 46.97989 ], [ 5.2122, 46.98014 ], [ 5.10628, 46.95576 ], [ 5.04931, 46.98158 ], [ 4.72813, 46.91937 ], [ 4.62323, 46.94082 ], [ 4.49369, 47.02837 ], [ 4.40628, 47.05 ], [ 4.40549, 47.08165 ], [ 4.25961, 47.11432 ], [ 4.20983, 47.15541 ], [ 4.1819, 47.15051 ], [ 4.17958, 47.12546 ], [ 4.11597, 47.12334 ] ] ] ] } },
{ "type": "Feature", "properties": { "nom": "Paris", "code": "75", "is_drom": false }, "geometry": { "type": "MultiPolygon", "coordinates": [ [ [ [ 2.31989, 48.90046 ], [ 2.23174, 48.86907 ], [ 2.25514, 48.83481 ], [ 2.3319, 48.81701 ], [ 2.40603, 48.82762 ], [ 2.41634, 48.84923 ], [ 2.38515, 48.90201 ], [ 2.31989, 48.90046 ] ] ] ] } },
{ "type": "Feature", "properties": { "nom": "Yvelines", "code": "78", "is_drom": false }, "geometry": { "type": "MultiPolygon", "coordinates": [ [ [ [ 2.20059, 48.90868 ], [ 2.20586, 48.94974 ], [ 2.17328, 48.97563 ], [ 2.08491, 49.01467 ], [ 2.02477, 48.99876 ], [ 1.99189, 49.02101 ], [ 1.9378, 49.02177 ], [ 1.90852, 49.04802 ], [ 1.82394, 49.07636 ], [ 1.72345, 49.04497 ], [ 1.67369, 49.07815 ], [ 1.6088, 49.07789 ], [ 1.52177, 49.06855 ], [ 1.45776, 49.02629 ], [ 1.49742, 48.97955 ], [ 1.50153, 48.94105 ], [ 1.55725, 48.89158 ], [ 1.59121, 48.81487 ], [ 1.5849, 48.7633 ], [ 1.6264, 48.74809 ], [ 1.57954, 48.70181 ], [ 1.60249, 48.66377 ], [ 1.66622, 48.6137 ], [ 1.7149, 48.61439 ], [ 1.70925, 48.57803 ], [ 1.76532, 48.56937 ], [ 1.80145, 48.46609 ], [ 1.90641, 48.44015 ], [ 1.92215, 48.4576 ], [ 1.93681, 48.50087 ], [ 1.96742, 48.53307 ], [ 2.01757, 48.55759 ], [ 2.0345, 48.6035 ], [ 2.02001, 48.64209 ], [ 2.04566, 48.68757 ], [ 2.08222, 48.68585 ], [ 2.11188, 48.73956 ], [ 2.22655, 48.7761 ], [ 2.15158, 48.81702 ], [ 2.15287, 48.87334 ], [ 2.20059, 48.90868 ] ] ] ] } },
{ "type": "Feature", "properties": { "nom": "Tarn", "code": "81", "is_drom": false }, "geometry": { "type": "MultiPolygon", "coordinates": [ [ [ [ 1.99017, 44.14945 ], [ 1.91969, 44.16294 ], [ 1.88043, 44.13849 ], [ 1.8417, 44.14369 ], [ 1.77752, 44.09681 ], [ 1.74554, 44.11627 ], [ 1.65896, 44.11641 ], [ 1.66291, 44.07159 ], [ 1.6962, 44.05754 ], [ 1.69139, 44.02434 ], [ 1.65584, 44.01334 ], [ 1.61857, 43.974 ], [ 1.55229, 43.96303 ], [ 1.55562, 43.91832 ], [ 1.55547, 43.86831 ], [ 1.59317, 43.84314 ], [ 1.59103, 43.81549 ], [ 1.64478, 43.80025 ], [ 1.66042, 43.74183 ], [ 1.70645, 43.71622 ], [ 1.73087, 43.65775 ], [ 1.68778, 43.6307 ], [ 1.77945, 43.58698 ], [ 1.8248, 43.58083 ], [ 1.88261, 43.52093 ], [ 1.91695, 43.50161 ], [ 2.01814, 43.47035 ], [ 2.02913, 43.4369 ], [ 2.0728, 43.39569 ], [ 2.17155, 43.41578 ], [ 2.21502, 43.38351 ], [ 2.22417, 43.43177 ], [ 2.2591, 43.45993 ], [ 2.40364, 43.41867 ], [ 2.43311, 43.43517 ], [ 2.56578, 43.42296 ], [ 2.60608, 43.4311 ], [ 2.65954, 43.48017 ], [ 2.65865, 43.52579 ], [ 2.6156, 43.56664 ], [ 2.61464, 43.59986 ], [ 2.64326, 43.65014 ], [ 2.71117, 43.6456 ], [ 2.75452, 43.61414 ], [ 2.81592, 43.64006 ], [ 2.91599, 43.66002 ], [ 2.93546, 43.69467 ], [ 2.92111, 43.73611 ], [ 2.86968, 43.7404 ], [ 2.81367, 43.76172 ], [ 2.74284, 43.72904 ], [ 2.6813, 43.74397 ], [ 2.62921, 43.78034 ], [ 2.56416, 43.84133 ], [ 2.57669, 43.88172 ], [ 2.555, 43.92138 ], [ 2.49935, 43.95058 ], [ 2.52293, 43.98128 ], [ 2.45993, 44.0514 ], [ 2.41021, 44.05585 ], [ 2.38921, 44.09349 ], [ 2.29783, 44.13805 ], [ 2.15247, 44.19772 ], [ 2.10612, 44.19439 ], [ 1.99017, 44.14945 ] ] ] ] } },
{ "type": "Feature", "properties": { "nom": "Tarn-et-Garonne", "code": "82", "is_drom": false }, "geometry": { "type": "MultiPolygon", "coordinates": [ [ [ [ 1.06408, 44.37851 ], [ 1.0498, 44.36264 ], [ 0.95005, 44.35976 ], [ 0.91991, 44.38415 ], [ 0.88734, 44.36637 ], [ 0.87347, 44.32331 ], [ 0.8945, 44.29674 ], [ 0.94992, 44.27644 ], [ 0.91909, 44.23827 ], [ 0.90629, 44.19031 ], [ 0.85357, 44.17496 ], [ 0.88848, 44.14877 ], [ 0.86878, 44.12633 ], [ 0.7961, 44.14562 ], [ 0.79624, 44.11513 ], [ 0.75288, 44.10227 ], [ 0.74188, 44.0652 ], [ 0.77578, 44.03591 ], [ 0.82735, 44.05525 ], [ 0.86041, 44.04079 ], [ 0.8277, 43.99958 ], [ 0.76008, 43.94224 ], [ 0.8629, 43.92329 ], [ 0.89943, 43.8647 ], [ 0.90616, 43.78433 ], [ 0.95398, 43.78737 ], [ 1.08527, 43.81451 ], [ 1.11488, 43.79777 ], [ 1.1446, 43.82229 ], [ 1.2192, 43.77078 ], [ 1.36089, 43.82108 ], [ 1.35681, 43.88419 ], [ 1.44788, 43.87355 ], [ 1.55562, 43.91832 ], [ 1.55229, 43.96303 ], [ 1.61857, 43.974 ], [ 1.65584, 44.01334 ], [ 1.69139, 44.02434 ], [ 1.6962, 44.05754 ], [ 1.66291, 44.07159 ], [ 1.65896, 44.11641 ], [ 1.74554, 44.11627 ], [ 1.77752, 44.09681 ], [ 1.8417, 44.14369 ], [ 1.88043, 44.13849 ], [ 1.91969, 44.16294 ], [ 1.99017, 44.14945 ], [ 1.97668, 44.17992 ], [ 1.91109, 44.18564 ], [ 1.9022, 44.20432 ], [ 1.97044, 44.27644 ], [ 1.90139, 44.27912 ], [ 1.85959, 44.32031 ], [ 1.88208, 44.34007 ], [ 1.80598, 44.33663 ], [ 1.6995, 44.31382 ], [ 1.65162, 44.28681 ], [ 1.56914, 44.29839 ], [ 1.58725, 44.24901 ], [ 1.54176, 44.22781 ], [ 1.52053, 44.26327 ], [ 1.47322, 44.28421 ], [ 1.45356, 44.25412 ], [ 1.38037, 44.22486 ], [ 1.28138, 44.23579 ], [ 1.30364, 44.29378 ], [ 1.25002, 44.2729 ], [ 1.21706, 44.2769 ], [ 1.10793, 44.32741 ], [ 1.06408, 44.37851 ] ] ] ] } },
{ "type": "Feature", "properties": { "nom": "Var", "code": "83", "is_drom": false }, "geometry": { "type": "MultiPolygon", "coordinates": [ [ [ [ 5.75364, 43.72462 ], [ 5.81325, 43.68896 ], [ 5.79906, 43.66052 ], [ 5.70022, 43.64172 ], [ 5.68214, 43.61374 ], [ 5.72462, 43.5509 ], [ 5.69881, 43.48217 ], [ 5.75185, 43.4343 ], [ 5.72443, 43.40887 ], [ 5.68279, 43.39916 ], [ 5.76093, 43.26734 ], [ 5.68391, 43.23605 ], [ 5.67188, 43.17927 ], [ 5.69488, 43.14359 ], [ 5.7523, 43.13316 ], [ 5.81273, 43.10937 ], [ 5.80456, 43.07828 ], [ 5.85746, 43.04662 ], [ 5.88713, 43.07723 ], [ 5.94125, 43.10766 ], [ 6.00502, 43.1038 ], [ 6.03144, 43.07748 ], [ 6.0813, 43.08723 ], [ 6.12405, 43.07931 ], [ 6.18399, 43.10854 ], [ 6.2653, 43.12104 ], [ 6.36826, 43.08991 ], [ 6.35976, 43.1199 ], [ 6.38757, 43.1449 ], [ 6.46415, 43.15753 ], [ 6.4935, 43.15022 ], [ 6.55964, 43.18863 ], [ 6.63554, 43.17251 ], [ 6.65933, 43.19593 ], [ 6.67731, 43.27879 ], [ 6.59346, 43.26227 ], [ 6.58387, 43.27731 ], [ 6.66596, 43.31822 ], [ 6.71433, 43.3679 ], [ 6.73981, 43.41288 ], [ 6.85947, 43.41816 ], [ 6.91797, 43.44774 ], [ 6.93372, 43.48007 ], [ 6.88423, 43.50254 ], [ 6.87954, 43.53536 ], [ 6.90801, 43.59907 ], [ 6.79874, 43.62818 ], [ 6.7608, 43.66649 ], [ 6.77435, 43.69341 ], [ 6.75354, 43.73817 ], [ 6.68271, 43.75794 ], [ 6.63639, 43.78895 ], [ 6.58691, 43.80532 ], [ 6.54568, 43.78223 ], [ 6.52476, 43.80637 ], [ 6.48207, 43.79108 ], [ 6.41443, 43.79159 ], [ 6.41348, 43.76036 ], [ 6.35696, 43.73637 ], [ 6.21671, 43.79951 ], [ 6.18289, 43.76218 ], [ 6.07732, 43.70788 ], [ 6.03613, 43.69416 ], [ 5.90121, 43.73259 ], [ 5.84914, 43.72025 ], [ 5.83739, 43.74148 ], [ 5.78134, 43.75565 ], [ 5.75734, 43.7294 ], [ 5.75364, 43.72462 ] ] ] ] } },
{ "type": "Feature", "properties": { "nom": "Vendée", "code": "85", "is_drom": false }, "geometry": { "type": "MultiPolygon", "coordinates": [ [ [ [ -2.30479, 46.70942 ], [ -2.38296, 46.73213 ], [ -2.39872, 46.71751 ], [ -2.33391, 46.68634 ], [ -2.30479, 46.70942 ] ] ], [ [ [ -1.14857, 47.02955 ], [ -1.20278, 47.04181 ], [ -1.27121, 47.08389 ], [ -1.29464, 47.03948 ], [ -1.37862, 47.03085 ], [ -1.35906, 46.98114 ], [ -1.37299, 46.95218 ], [ -1.45613, 46.92627 ], [ -1.48213, 47.03786 ], [ -1.55232, 47.01835 ], [ -1.55357, 46.98151 ], [ -1.52005, 46.93904 ], [ -1.53091, 46.90945 ], [ -1.50077, 46.88389 ], [ -1.54851, 46.86008 ], [ -1.68976, 46.89049 ], [ -1.73106, 46.88797 ], [ -1.75107, 46.9296 ], [ -1.83099, 46.93204 ], [ -1.94323, 46.99471 ], [ -1.98041, 47.0289 ], [ -2.02736, 47.00992 ], [ -2.06274, 46.94806 ], [ -2.15382, 46.89015 ], [ -2.14451, 46.8264 ], [ -2.07195, 46.78281 ], [ -1.94288, 46.69271 ], [ -1.85602, 46.60858 ], [ -1.81234, 46.49342 ], [ -1.77714, 46.49276 ], [ -1.70387, 46.44868 ], [ -1.62706, 46.41422 ], [ -1.50214, 46.39735 ], [ -1.46594, 46.34236 ], [ -1.36674, 46.34861 ], [ -1.2074, 46.26657 ], [ -1.20109, 46.31634 ], [ -1.12941, 46.31027 ], [ -1.08072, 46.32143 ], [ -1.01381, 46.35562 ], [ -0.94416, 46.33605 ], [ -0.93489, 46.31286 ], [ -0.83988, 46.34037 ], [ -0.75047, 46.30425 ], [ -0.69733, 46.32509 ], [ -0.55765, 46.36345 ], [ -0.5378, 46.38646 ], [ -0.64065, 46.41622 ], [ -0.61243, 46.45874 ], [ -0.63353, 46.52655 ], [ -0.60213, 46.53328 ], [ -0.61411, 46.62039 ], [ -0.64406, 46.63802 ], [ -0.65619, 46.70077 ], [ -0.72731, 46.76763 ], [ -0.70086, 46.80863 ], [ -0.78165, 46.84283 ], [ -0.81527, 46.87936 ], [ -0.82915, 46.93336 ], [ -0.87298, 46.94434 ], [ -0.89196, 46.97582 ], [ -0.93346, 47.00891 ], [ -1.0554, 47.00568 ], [ -1.14857, 47.02955 ] ] ], [ [ [ -2.19807, 46.95117 ], [ -2.23747, 46.98196 ], [ -2.21833, 47.00782 ], [ -2.28723, 47.02462 ], [ -2.30203, 46.99762 ], [ -2.26437, 46.96088 ], [ -2.19807, 46.95117 ] ] ] ] } },
{ "type": "Feature", "properties": { "nom": "Haute-Vienne", "code": "87", "is_drom": false }, "geometry": { "type": "MultiPolygon", "coordinates": [ [ [ [ 0.82343, 46.12858 ], [ 0.83369, 46.10636 ], [ 0.81791, 46.04788 ], [ 0.86703, 46.01843 ], [ 0.92562, 46.01045 ], [ 0.9426, 45.95744 ], [ 0.86291, 45.91975 ], [ 0.81211, 45.93127 ], [ 0.82738, 45.88275 ], [ 0.78223, 45.82108 ], [ 0.78389, 45.79168 ], [ 0.71643, 45.80562 ], [ 0.71489, 45.76312 ], [ 0.65252, 45.74047 ], [ 0.62974, 45.71457 ], [ 0.67132, 45.68626 ], [ 0.7165, 45.69493 ], [ 0.77584, 45.66757 ], [ 0.75153, 45.61832 ], [ 0.8115, 45.57587 ], [ 0.93455, 45.61158 ], [ 1.03584, 45.60021 ], [ 1.0378, 45.56874 ], [ 1.08036, 45.534 ], [ 1.11033, 45.54491 ], [ 1.16729, 45.52482 ], [ 1.11978, 45.48779 ], [ 1.25315, 45.44422 ], [ 1.28705, 45.48993 ], [ 1.35008, 45.46689 ], [ 1.41206, 45.52808 ], [ 1.45026, 45.5304 ], [ 1.48037, 45.56594 ], [ 1.5572, 45.54937 ], [ 1.59296, 45.57507 ], [ 1.63767, 45.58035 ], [ 1.71225, 45.64134 ], [ 1.74805, 45.6457 ], [ 1.78387, 45.68036 ], [ 1.87135, 45.66465 ], [ 1.89873, 45.69828 ], [ 1.87514, 45.73278 ], [ 1.89715, 45.76768 ], [ 1.8809, 45.79771 ], [ 1.82843, 45.80981 ], [ 1.77275, 45.84282 ], [ 1.67664, 45.83511 ], [ 1.60239, 45.85746 ], [ 1.60242, 45.8909 ], [ 1.63892, 45.90376 ], [ 1.60872, 45.93341 ], [ 1.54727, 45.91683 ], [ 1.53249, 45.9528 ], [ 1.57493, 45.976 ], [ 1.53855, 45.99743 ], [ 1.54917, 46.03541 ], [ 1.52625, 46.07944 ], [ 1.4905, 46.11175 ], [ 1.45279, 46.17975 ], [ 1.39607, 46.18818 ], [ 1.3749, 46.21545 ], [ 1.44377, 46.3059 ], [ 1.41519, 46.34721 ], [ 1.35602, 46.40012 ], [ 1.30306, 46.37099 ], [ 1.21642, 46.36778 ], [ 1.17728, 46.38395 ], [ 1.12976, 46.36046 ], [ 1.05118, 46.35816 ], [ 1.027, 46.34304 ], [ 1.00589, 46.28097 ], [ 0.90728, 46.28526 ], [ 0.86145, 46.26164 ], [ 0.79633, 46.21096 ], [ 0.83233, 46.14978 ], [ 0.82343, 46.12858 ] ] ] ] } },
{ "type": "Feature", "properties": { "nom": "Vosges", "code": "88", "is_drom": false }, "geometry": { "type": "MultiPolygon", "coordinates": [ [ [ [ 5.47005, 48.42093 ], [ 5.40872, 48.3831 ], [ 5.41822, 48.33983 ], [ 5.48215, 48.3562 ], [ 5.52651, 48.33174 ], [ 5.58833, 48.27426 ], [ 5.65381, 48.26852 ], [ 5.6409, 48.24236 ], [ 5.71085, 48.21993 ], [ 5.73098, 48.1897 ], [ 5.68224, 48.17571 ], [ 5.68432, 48.14505 ], [ 5.63054, 48.08398 ], [ 5.6968, 48.07723 ], [ 5.72696, 48.04603 ], [ 5.77775, 48.03136 ], [ 5.7938, 47.99169 ], [ 5.78728, 47.95259 ], [ 5.85, 47.96283 ], [ 5.88472, 47.92605 ], [ 5.94753, 47.97971 ], [ 6.00227, 47.95609 ], [ 6.04118, 48.00442 ], [ 6.07256, 48.01567 ], [ 6.15606, 48.00694 ], [ 6.16799, 47.95235 ], [ 6.23798, 47.93284 ], [ 6.27733, 47.95381 ], [ 6.36615, 47.96194 ], [ 6.43171, 47.94382 ], [ 6.47861, 47.88552 ], [ 6.54216, 47.90261 ], [ 6.60178, 47.9444 ], [ 6.64554, 47.90402 ], [ 6.73777, 47.86156 ], [ 6.78482, 47.84962 ], [ 6.82353, 47.81305 ], [ 6.84618, 47.82294 ], [ 6.92004, 47.85029 ], [ 6.90022, 47.89119 ], [ 6.92782, 47.90821 ], [ 6.91942, 47.94434 ], [ 6.94335, 47.99796 ], [ 7.00189, 48.02239 ], [ 7.0298, 48.07191 ], [ 7.08416, 48.12922 ], [ 7.05891, 48.13726 ], [ 7.10628, 48.1943 ], [ 7.13355, 48.24594 ], [ 7.19829, 48.31047 ], [ 7.18454, 48.33605 ], [ 7.1219, 48.33329 ], [ 7.07853, 48.35107 ], [ 7.10803, 48.37699 ], [ 7.09743, 48.40565 ], [ 7.12316, 48.51359 ], [ 6.98298, 48.47906 ], [ 6.89081, 48.4181 ], [ 6.86599, 48.43056 ], [ 6.81517, 48.39885 ], [ 6.6995, 48.41308 ], [ 6.64829, 48.43389 ], [ 6.6237, 48.4731 ], [ 6.58497, 48.46051 ], [ 6.56698, 48.41903 ], [ 6.17842, 48.3976 ], [ 6.11673, 48.35404 ], [ 6.06602, 48.35928 ], [ 5.96156, 48.34989 ], [ 5.90795, 48.41754 ], [ 5.8869, 48.46007 ], [ 5.90562, 48.49494 ], [ 5.85608, 48.50685 ], [ 5.76515, 48.49649 ], [ 5.73858, 48.46607 ], [ 5.67902, 48.47139 ], [ 5.61597, 48.43974 ], [ 5.47005, 48.42093 ] ] ] ] } },
{ "type": "Feature", "properties": { "nom": "Hauts-de-Seine", "code": "92", "is_drom": false }, "geometry": { "type": "MultiPolygon", "coordinates": [ [ [ [ 2.29097, 48.95097 ], [ 2.20059, 48.90868 ], [ 2.15287, 48.87334 ], [ 2.15158, 48.81702 ], [ 2.22655, 48.7761 ], [ 2.31329, 48.73028 ], [ 2.32072, 48.74876 ], [ 2.3319, 48.81701 ], [ 2.25514, 48.83481 ], [ 2.23174, 48.86907 ], [ 2.31989, 48.90046 ], [ 2.33635, 48.93235 ], [ 2.29097, 48.95097 ] ] ] ] } },
{ "type": "Feature", "properties": { "nom": "Allier", "code": "03", "is_drom": false }, "geometry": { "type": "MultiPolygon", "coordinates": [ [ [ [ 3.03206, 46.79491 ], [ 2.95992, 46.80387 ], [ 2.82762, 46.73529 ], [ 2.77449, 46.7189 ], [ 2.70497, 46.73939 ], [ 2.67779, 46.70461 ], [ 2.59665, 46.63722 ], [ 2.61496, 46.55328 ], [ 2.53665, 46.5197 ], [ 2.48293, 46.53269 ], [ 2.352, 46.51221 ], [ 2.28576, 46.45351 ], [ 2.28104, 46.4204 ], [ 2.28504, 46.38586 ], [ 2.32302, 46.32928 ], [ 2.39186, 46.32999 ], [ 2.47894, 46.28115 ], [ 2.51631, 46.23944 ], [ 2.52863, 46.18489 ], [ 2.56537, 46.14304 ], [ 2.6407, 46.11848 ], [ 2.67745, 46.17276 ], [ 2.72245, 46.18134 ], [ 2.73305, 46.22332 ], [ 2.81027, 46.19621 ], [ 2.81916, 46.24179 ], [ 2.85573, 46.25549 ], [ 2.93714, 46.24292 ], [ 2.90959, 46.20349 ], [ 2.97175, 46.12178 ], [ 3.01647, 46.10245 ], [ 3.08737, 46.11306 ], [ 3.10078, 46.08234 ], [ 3.16654, 46.06568 ], [ 3.30239, 46.06577 ], [ 3.3716, 46.05506 ], [ 3.41902, 46.07429 ], [ 3.47149, 46.04184 ], [ 3.4635, 46.01794 ], [ 3.54766, 46.01554 ], [ 3.58847, 46.02413 ], [ 3.62802, 45.9787 ], [ 3.66974, 45.96121 ], [ 3.69402, 45.93073 ], [ 3.70889, 45.97378 ], [ 3.78891, 45.97386 ], [ 3.82545, 45.99597 ], [ 3.80677, 46.04562 ], [ 3.82188, 46.08798 ], [ 3.78977, 46.15485 ], [ 3.79314, 46.2094 ], [ 3.77316, 46.22737 ], [ 3.80489, 46.25486 ], [ 3.89954, 46.27591 ], [ 3.91357, 46.29668 ], [ 3.98663, 46.3192 ], [ 3.9916, 46.36963 ], [ 3.97722, 46.39922 ], [ 3.99804, 46.46546 ], [ 3.95794, 46.48975 ], [ 3.89047, 46.48125 ], [ 3.834, 46.53113 ], [ 3.80176, 46.5199 ], [ 3.73154, 46.54958 ], [ 3.74329, 46.56757 ], [ 3.69696, 46.66058 ], [ 3.6379, 46.70721 ], [ 3.62942, 46.74946 ], [ 3.598, 46.72398 ], [ 3.55039, 46.71586 ], [ 3.48715, 46.65826 ], [ 3.44734, 46.66355 ], [ 3.43414, 46.71191 ], [ 3.37873, 46.71135 ], [ 3.3467, 46.68442 ], [ 3.2698, 46.71674 ], [ 3.21554, 46.68289 ], [ 3.16315, 46.69354 ], [ 3.12978, 46.7272 ], [ 3.04907, 46.75808 ], [ 3.03206, 46.79491 ] ] ] ] } },
{ "type": "Feature", "properties": { "nom": "Alpes-Maritimes", "code": "06", "is_drom": false }, "geometry": { "type": "MultiPolygon", "coordinates": [ [ [ [ 6.88744, 44.36105 ], [ 6.83969, 44.34617 ], [ 6.79609, 44.3161 ], [ 6.78635, 44.2885 ], [ 6.72399, 44.24984 ], [ 6.71834, 44.21071 ], [ 6.68654, 44.16926 ], [ 6.70707, 44.12584 ], [ 6.75529, 44.0786 ], [ 6.74571, 44.04323 ], [ 6.83601, 43.9906 ], [ 6.85189, 43.95479 ], [ 6.91309, 43.92796 ], [ 6.94175, 43.89697 ], [ 6.88461, 43.88912 ], [ 6.8307, 43.91837 ], [ 6.74556, 43.87211 ], [ 6.69733, 43.87365 ], [ 6.66793, 43.83092 ], [ 6.70789, 43.80952 ], [ 6.63639, 43.78895 ], [ 6.68271, 43.75794 ], [ 6.75354, 43.73817 ], [ 6.77435, 43.69341 ], [ 6.7608, 43.66649 ], [ 6.79874, 43.62818 ], [ 6.90801, 43.59907 ], [ 6.87954, 43.53536 ], [ 6.88423, 43.50254 ], [ 6.93372, 43.48007 ], [ 6.93836, 43.51639 ], [ 6.97183, 43.54545 ], [ 7.04044, 43.54158 ], [ 7.08431, 43.56955 ], [ 7.13924, 43.56445 ], [ 7.12647, 43.60528 ], [ 7.16767, 43.6574 ], [ 7.22588, 43.66225 ], [ 7.24189, 43.68848 ], [ 7.32029, 43.69133 ], [ 7.35852, 43.72188 ], [ 7.41227, 43.73439 ], [ 7.52852, 43.79052 ], [ 7.49544, 43.86436 ], [ 7.55922, 43.8973 ], [ 7.56711, 43.94367 ], [ 7.6486, 43.97411 ], [ 7.67021, 43.99847 ], [ 7.66498, 44.03066 ], [ 7.70003, 44.04079 ], [ 7.71694, 44.08176 ], [ 7.67452, 44.11798 ], [ 7.67085, 44.15374 ], [ 7.50574, 44.14365 ], [ 7.42695, 44.11287 ], [ 7.35604, 44.12086 ], [ 7.3442, 44.14516 ], [ 7.28197, 44.14345 ], [ 7.18891, 44.1978 ], [ 7.14105, 44.201 ], [ 7.07104, 44.23295 ], [ 7.00806, 44.23643 ], [ 6.99345, 44.28089 ], [ 6.95653, 44.29864 ], [ 6.92241, 44.34826 ], [ 6.88744, 44.36105 ] ] ] ] } },
{ "type": "Feature", "properties": { "nom": "Aude", "code": "11", "is_drom": false }, "geometry": { "type": "MultiPolygon", "coordinates": [ [ [ [ 1.68842, 43.27355 ], [ 1.72385, 43.22452 ], [ 1.71006, 43.1897 ], [ 1.82478, 43.14581 ], [ 1.8804, 43.14153 ], [ 1.94947, 43.11949 ], [ 1.94113, 43.05272 ], [ 1.9851, 43.02627 ], [ 1.98058, 42.92958 ], [ 1.98692, 42.87101 ], [ 1.94566, 42.8562 ], [ 1.88047, 42.85267 ], [ 1.86024, 42.82761 ], [ 1.89609, 42.80867 ], [ 1.90818, 42.76767 ], [ 1.9554, 42.7367 ], [ 2.00793, 42.73412 ], [ 2.05721, 42.75622 ], [ 2.17588, 42.68279 ], [ 2.16605, 42.66392 ], [ 2.17621, 42.6489 ], [ 2.24651, 42.68121 ], [ 2.26453, 42.70624 ], [ 2.32201, 42.70779 ], [ 2.35754, 42.73412 ], [ 2.32711, 42.83744 ], [ 2.38216, 42.84847 ], [ 2.45247, 42.83693 ], [ 2.50901, 42.84983 ], [ 2.69758, 42.83043 ], [ 2.74, 42.83758 ], [ 2.78906, 42.89599 ], [ 2.86527, 42.91834 ], [ 2.91711, 42.88486 ], [ 2.97623, 42.87028 ], [ 3.0435, 42.83815 ], [ 3.06059, 42.91706 ], [ 3.04284, 42.96016 ], [ 3.06559, 43.02168 ], [ 3.11723, 43.10184 ], [ 3.16835, 43.15733 ], [ 3.24056, 43.2128 ], [ 3.20102, 43.24917 ], [ 3.14721, 43.247 ], [ 3.00474, 43.28853 ], [ 3.00435, 43.32013 ], [ 2.94504, 43.3125 ], [ 2.92125, 43.32609 ], [ 2.83276, 43.32241 ], [ 2.79179, 43.29301 ], [ 2.77225, 43.25779 ], [ 2.65906, 43.29297 ], [ 2.60161, 43.29871 ], [ 2.58904, 43.3287 ], [ 2.53997, 43.34622 ], [ 2.56578, 43.42296 ], [ 2.43311, 43.43517 ], [ 2.40364, 43.41867 ], [ 2.2591, 43.45993 ], [ 2.22417, 43.43177 ], [ 2.21502, 43.38351 ], [ 2.17155, 43.41578 ], [ 2.0728, 43.39569 ], [ 2.02913, 43.4369 ], [ 1.98829, 43.40761 ], [ 1.95639, 43.42542 ], [ 1.9101, 43.40406 ], [ 1.85874, 43.44382 ], [ 1.80408, 43.39169 ], [ 1.81342, 43.34141 ], [ 1.74773, 43.34374 ], [ 1.68842, 43.27355 ] ] ] ] } },
{ "type": "Feature", "properties": { "nom": "Corse-du-Sud", "code": "2A", "is_drom": false }, "geometry": { "type": "MultiPolygon", "coordinates": [ [ [ [ 8.57341, 42.3814 ], [ 8.66057, 42.30212 ], [ 8.6891, 42.26353 ], [ 8.61672, 42.25546 ], [ 8.57034, 42.2303 ], [ 8.59017, 42.16388 ], [ 8.6605, 42.10359 ], [ 8.71026, 42.09582 ], [ 8.74133, 42.04091 ], [ 8.65642, 42.00935 ], [ 8.66888, 41.98243 ], [ 8.61484, 41.97133 ], [ 8.5977, 41.95324 ], [ 8.64145, 41.90989 ], [ 8.72143, 41.90926 ], [ 8.75491, 41.93257 ], [ 8.80313, 41.89138 ], [ 8.76779, 41.84593 ], [ 8.7713, 41.81124 ], [ 8.72125, 41.79781 ], [ 8.73009, 41.77591 ], [ 8.68452, 41.747 ], [ 8.71724, 41.72277 ], [ 8.77245, 41.74152 ], [ 8.77297, 41.71192 ], [ 8.91451, 41.68972 ], [ 8.87726, 41.65245 ], [ 8.79308, 41.62955 ], [ 8.78853, 41.55774 ], [ 8.84168, 41.54655 ], [ 8.9384, 41.48967 ], [ 8.95946, 41.49213 ], [ 9.0822, 41.44197 ], [ 9.09553, 41.41243 ], [ 9.21968, 41.36821 ], [ 9.25073, 41.40961 ], [ 9.2289, 41.4253 ], [ 9.26588, 41.466 ], [ 9.28756, 41.53023 ], [ 9.3409, 41.55924 ], [ 9.34707, 41.59439 ], [ 9.3272, 41.61636 ], [ 9.38749, 41.65736 ], [ 9.40732, 41.76763 ], [ 9.39413, 41.79894 ], [ 9.40227, 41.8587 ], [ 9.3719, 41.865 ], [ 9.32921, 41.83682 ], [ 9.2707, 41.84059 ], [ 9.2275, 41.85559 ], [ 9.25221, 41.89899 ], [ 9.22958, 41.91635 ], [ 9.21523, 41.99363 ], [ 9.22109, 42.0276 ], [ 9.16082, 42.02602 ], [ 9.13531, 42.05107 ], [ 9.11974, 42.10777 ], [ 9.07218, 42.13022 ], [ 9.04566, 42.20692 ], [ 9.0065, 42.20885 ], [ 8.97304, 42.23259 ], [ 8.90477, 42.25386 ], [ 8.86272, 42.29694 ], [ 8.81956, 42.31756 ], [ 8.6408, 42.37344 ], [ 8.57341, 42.3814 ] ] ] ] } },
{ "type": "Feature", "properties": { "nom": "Côtes-d'Armor", "code": "22", "is_drom": false }, "geometry": { "type": "MultiPolygon", "coordinates": [ [ [ [ -2.12371, 48.60441 ], [ -2.16427, 48.57889 ], [ -2.22395, 48.59538 ], [ -2.25907, 48.64495 ], [ -2.31286, 48.68092 ], [ -2.41217, 48.64149 ], [ -2.46801, 48.64958 ], [ -2.47343, 48.62252 ], [ -2.56868, 48.57856 ], [ -2.63127, 48.53813 ], [ -2.68156, 48.53113 ], [ -2.8196, 48.59353 ], [ -2.82693, 48.65057 ], [ -2.94791, 48.72721 ], [ -2.94365, 48.75834 ], [ -3.0294, 48.77591 ], [ -3.05236, 48.8154 ], [ -3.08915, 48.83218 ], [ -3.11397, 48.86674 ], [ -3.16794, 48.85315 ], [ -3.19816, 48.82635 ], [ -3.23176, 48.86741 ], [ -3.29188, 48.83192 ], [ -3.31943, 48.83825 ], [ -3.39755, 48.80075 ], [ -3.43073, 48.79722 ], [ -3.5132, 48.835 ], [ -3.53504, 48.80271 ], [ -3.58501, 48.7755 ], [ -3.5494, 48.74569 ], [ -3.58481, 48.71714 ], [ -3.58125, 48.67001 ], [ -3.65915, 48.65921 ], [ -3.64938, 48.61016 ], [ -3.58476, 48.57346 ], [ -3.55387, 48.54092 ], [ -3.60406, 48.49644 ], [ -3.59042, 48.42892 ], [ -3.60764, 48.38846 ], [ -3.55459, 48.37776 ], [ -3.55679, 48.33552 ], [ -3.51845, 48.28228 ], [ -3.55778, 48.22853 ], [ -3.56484, 48.18575 ], [ -3.47953, 48.18604 ], [ -3.42148, 48.17191 ], [ -3.41701, 48.14589 ], [ -3.33675, 48.17112 ], [ -3.27224, 48.14002 ], [ -3.19252, 48.1644 ], [ -3.15525, 48.15849 ], [ -3.11637, 48.20636 ], [ -3.03354, 48.19936 ], [ -2.99999, 48.16169 ], [ -2.95366, 48.17084 ], [ -2.8508, 48.14117 ], [ -2.8104, 48.14655 ], [ -2.78195, 48.12058 ], [ -2.70383, 48.11288 ], [ -2.6523, 48.11932 ], [ -2.67005, 48.04788 ], [ -2.63119, 48.03548 ], [ -2.57478, 48.07041 ], [ -2.49482, 48.15784 ], [ -2.40891, 48.16861 ], [ -2.37136, 48.1221 ], [ -2.28727, 48.13374 ], [ -2.22474, 48.1706 ], [ -2.21725, 48.21315 ], [ -2.18697, 48.24638 ], [ -2.11012, 48.25291 ], [ -2.05329, 48.29833 ], [ -2.0141, 48.27953 ], [ -1.95483, 48.31711 ], [ -1.91249, 48.51884 ], [ -1.94803, 48.53881 ], [ -2.0069, 48.56611 ], [ -2.07598, 48.56768 ], [ -2.12371, 48.60441 ] ] ] ] } },
{ "type": "Feature", "properties": { "nom": "Creuse", "code": "23", "is_drom": false }, "geometry": { "type": "MultiPolygon", "coordinates": [ [ [ [ 2.16778, 46.42407 ], [ 2.08895, 46.4089 ], [ 1.99308, 46.43092 ], [ 1.8195, 46.43003 ], [ 1.79838, 46.45481 ], [ 1.72771, 46.38896 ], [ 1.68361, 46.41818 ], [ 1.64485, 46.38682 ], [ 1.52231, 46.42653 ], [ 1.46294, 46.37535 ], [ 1.41519, 46.34721 ], [ 1.44377, 46.3059 ], [ 1.3749, 46.21545 ], [ 1.39607, 46.18818 ], [ 1.45279, 46.17975 ], [ 1.4905, 46.11175 ], [ 1.52625, 46.07944 ], [ 1.54917, 46.03541 ], [ 1.53855, 45.99743 ], [ 1.57493, 45.976 ], [ 1.53249, 45.9528 ], [ 1.54727, 45.91683 ], [ 1.60872, 45.93341 ], [ 1.63892, 45.90376 ], [ 1.60242, 45.8909 ], [ 1.60239, 45.85746 ], [ 1.67664, 45.83511 ], [ 1.77275, 45.84282 ], [ 1.82843, 45.80981 ], [ 1.8809, 45.79771 ], [ 1.89715, 45.76768 ], [ 1.87514, 45.73278 ], [ 1.89873, 45.69828 ], [ 1.95658, 45.72476 ], [ 1.98852, 45.72135 ], [ 2.01761, 45.75549 ], [ 2.0814, 45.74711 ], [ 2.11355, 45.72478 ], [ 2.17435, 45.73221 ], [ 2.19396, 45.69904 ], [ 2.33776, 45.6806 ], [ 2.34919, 45.70948 ], [ 2.43585, 45.69927 ], [ 2.49213, 45.73767 ], [ 2.43411, 45.76985 ], [ 2.38801, 45.82737 ], [ 2.42654, 45.83477 ], [ 2.44258, 45.86301 ], [ 2.49223, 45.86403 ], [ 2.59442, 45.98944 ], [ 2.60251, 46.03346 ], [ 2.5717, 46.04869 ], [ 2.54905, 46.11408 ], [ 2.56537, 46.14304 ], [ 2.52863, 46.18489 ], [ 2.51631, 46.23944 ], [ 2.47894, 46.28115 ], [ 2.39186, 46.32999 ], [ 2.32302, 46.32928 ], [ 2.28504, 46.38586 ], [ 2.28104, 46.4204 ], [ 2.16778, 46.42407 ] ] ] ] } },
{ "type": "Feature", "properties": { "nom": "Doubs", "code": "25", "is_drom": false }, "geometry": { "type": "MultiPolygon", "coordinates": [ [ [ [ 6.807, 47.5628 ], [ 6.78097, 47.53641 ], [ 6.68556, 47.56296 ], [ 6.64672, 47.53526 ], [ 6.58177, 47.53987 ], [ 6.58364, 47.50998 ], [ 6.55356, 47.49279 ], [ 6.40137, 47.5203 ], [ 6.33435, 47.50597 ], [ 6.26233, 47.43057 ], [ 6.15224, 47.38612 ], [ 6.11666, 47.39318 ], [ 6.08004, 47.35403 ], [ 5.98936, 47.32763 ], [ 5.94137, 47.34426 ], [ 5.78391, 47.29063 ], [ 5.7323, 47.26357 ], [ 5.69873, 47.265 ], [ 5.72041, 47.21993 ], [ 5.81147, 47.16905 ], [ 5.81608, 47.13433 ], [ 5.76854, 47.08943 ], [ 5.78472, 47.05491 ], [ 5.74951, 47.01724 ], [ 5.81505, 47.02034 ], [ 5.96856, 46.98045 ], [ 5.96408, 46.94808 ], [ 6.00578, 46.87305 ], [ 6.04789, 46.84862 ], [ 6.15179, 46.82066 ], [ 6.20333, 46.77268 ], [ 6.18027, 46.74157 ], [ 6.06983, 46.68953 ], [ 6.10377, 46.64982 ], [ 6.04857, 46.60772 ], [ 6.13811, 46.55766 ], [ 6.11074, 46.57631 ], [ 6.28533, 46.69124 ], [ 6.3448, 46.71187 ], [ 6.43811, 46.76175 ], [ 6.45865, 46.78876 ], [ 6.431, 46.81241 ], [ 6.45988, 46.85115 ], [ 6.46458, 46.89021 ], [ 6.43267, 46.92861 ], [ 6.49669, 46.97418 ], [ 6.51881, 46.97086 ], [ 6.64034, 47.00276 ], [ 6.71405, 47.04912 ], [ 6.69162, 47.06669 ], [ 6.73991, 47.10805 ], [ 6.80655, 47.13089 ], [ 6.85834, 47.16439 ], [ 6.88244, 47.20162 ], [ 6.95498, 47.24294 ], [ 6.94289, 47.28776 ], [ 6.99312, 47.29554 ], [ 7.0622, 47.34416 ], [ 7.01617, 47.37183 ], [ 6.91731, 47.35617 ], [ 6.8854, 47.3746 ], [ 6.93838, 47.40602 ], [ 6.94054, 47.43337 ], [ 6.90761, 47.49455 ], [ 6.90566, 47.54737 ], [ 6.81666, 47.54792 ], [ 6.807, 47.5628 ] ] ] ] } },
{ "type": "Feature", "properties": { "nom": "Finistère", "code": "29", "is_drom": false }, "geometry": { "type": "MultiPolygon", "coordinates": [ [ [ [ -3.65915, 48.65921 ], [ -3.66094, 48.69407 ], [ -3.73325, 48.70742 ], [ -3.83237, 48.71194 ], [ -3.89771, 48.64636 ], [ -3.94947, 48.65286 ], [ -3.97574, 48.69903 ], [ -4.03539, 48.71393 ], [ -4.05759, 48.68926 ], [ -4.12704, 48.69493 ], [ -4.18693, 48.68646 ], [ -4.23339, 48.6521 ], [ -4.27277, 48.64958 ], [ -4.3514, 48.67611 ], [ -4.4271, 48.65226 ], [ -4.46277, 48.6271 ], [ -4.5218, 48.63438 ], [ -4.56148, 48.6238 ], [ -4.63061, 48.57769 ], [ -4.73058, 48.55635 ], [ -4.77548, 48.491 ], [ -4.75906, 48.4704 ], [ -4.79334, 48.41624 ], [ -4.76092, 48.37275 ], [ -4.77231, 48.32918 ], [ -4.70761, 48.33226 ], [ -4.68056, 48.35561 ], [ -4.60872, 48.33789 ], [ -4.42495, 48.3976 ], [ -4.44176, 48.35362 ], [ -4.41632, 48.32433 ], [ -4.36649, 48.3448 ], [ -4.29095, 48.34195 ], [ -4.30803, 48.29716 ], [ -4.38449, 48.27515 ], [ -4.42378, 48.29167 ], [ -4.5026, 48.28086 ], [ -4.56661, 48.28634 ], [ -4.61978, 48.26392 ], [ -4.56403, 48.23223 ], [ -4.54017, 48.18069 ], [ -4.48903, 48.23621 ], [ -4.44836, 48.23563 ], [ -4.33202, 48.20625 ], [ -4.30113, 48.19145 ], [ -4.27173, 48.13305 ], [ -4.30699, 48.08919 ], [ -4.3744, 48.11016 ], [ -4.4886, 48.08647 ], [ -4.54004, 48.08786 ], [ -4.63299, 48.06766 ], [ -4.66823, 48.0702 ], [ -4.72303, 48.0336 ], [ -4.64608, 48.0233 ], [ -4.56475, 47.99984 ], [ -4.53688, 48.01249 ], [ -4.45358, 47.98178 ], [ -4.39519, 47.93441 ], [ -4.36257, 47.88927 ], [ -4.3498, 47.83079 ], [ -4.36241, 47.79574 ], [ -4.26923, 47.79098 ], [ -4.19231, 47.79738 ], [ -4.16356, 47.84918 ], [ -4.07772, 47.86653 ], [ -4.04158, 47.846 ], [ -3.97711, 47.8538 ], [ -3.99003, 47.88274 ], [ -3.95226, 47.89497 ], [ -3.9115, 47.87028 ], [ -3.90248, 47.83594 ], [ -3.86537, 47.80948 ], [ -3.8006, 47.78763 ], [ -3.73255, 47.80293 ], [ -3.68084, 47.77679 ], [ -3.53231, 47.76828 ], [ -3.53052, 47.7915 ], [ -3.52125, 47.79887 ], [ -3.54157, 47.82278 ], [ -3.52301, 47.84915 ], [ -3.48838, 47.82369 ], [ -3.44918, 47.8619 ], [ -3.40344, 47.87011 ], [ -3.39262, 47.95445 ], [ -3.41989, 47.96981 ], [ -3.48481, 47.96689 ], [ -3.55528, 47.9931 ], [ -3.64024, 47.98524 ], [ -3.69502, 48.0935 ], [ -3.73214, 48.10909 ], [ -3.69584, 48.15221 ], [ -3.64926, 48.15798 ], [ -3.56484, 48.18575 ], [ -3.55778, 48.22853 ], [ -3.51845, 48.28228 ], [ -3.55679, 48.33552 ], [ -3.55459, 48.37776 ], [ -3.60764, 48.38846 ], [ -3.59042, 48.42892 ], [ -3.60406, 48.49644 ], [ -3.55387, 48.54092 ], [ -3.58476, 48.57346 ], [ -3.64938, 48.61016 ], [ -3.65915, 48.65921 ] ] ] ] } },
{ "type": "Feature", "properties": { "nom": "Gard", "code": "30", "is_drom": false }, "geometry": { "type": "MultiPolygon", "coordinates": [ [ [ [ 3.37365, 44.17076 ], [ 3.33606, 44.15867 ], [ 3.3244, 44.11534 ], [ 3.26283, 44.09404 ], [ 3.29059, 44.07171 ], [ 3.32891, 44.07903 ], [ 3.35184, 44.0502 ], [ 3.39014, 44.0535 ], [ 3.45076, 44.02079 ], [ 3.40549, 43.97027 ], [ 3.35597, 43.94617 ], [ 3.35836, 43.91383 ], [ 3.42445, 43.9116 ], [ 3.47939, 43.88831 ], [ 3.51334, 43.8962 ], [ 3.5307, 43.85562 ], [ 3.57545, 43.86552 ], [ 3.62359, 43.91697 ], [ 3.67246, 43.9116 ], [ 3.68223, 43.94686 ], [ 3.72699, 43.96901 ], [ 3.78733, 43.96687 ], [ 3.8249, 43.9193 ], [ 3.79954, 43.89082 ], [ 3.8308, 43.86642 ], [ 3.91739, 43.88559 ], [ 3.9221, 43.85838 ], [ 3.97935, 43.84288 ], [ 4.00204, 43.81147 ], [ 4.14478, 43.73389 ], [ 4.16357, 43.68654 ], [ 4.19445, 43.65431 ], [ 4.15021, 43.58556 ], [ 4.11446, 43.5873 ], [ 4.10104, 43.55437 ], [ 4.13912, 43.5319 ], [ 4.11659, 43.50871 ], [ 4.13767, 43.48195 ], [ 4.23028, 43.46018 ], [ 4.2381, 43.49763 ], [ 4.29769, 43.51533 ], [ 4.35364, 43.54739 ], [ 4.40935, 43.56113 ], [ 4.42703, 43.62067 ], [ 4.48723, 43.69924 ], [ 4.53985, 43.70728 ], [ 4.59303, 43.68746 ], [ 4.61304, 43.7143 ], [ 4.65483, 43.80641 ], [ 4.64191, 43.86748 ], [ 4.69055, 43.8839 ], [ 4.73906, 43.92406 ], [ 4.77902, 43.93789 ], [ 4.8421, 43.98647 ], [ 4.83768, 44.01494 ], [ 4.78798, 44.06506 ], [ 4.73014, 44.07902 ], [ 4.70746, 44.10367 ], [ 4.72207, 44.18742 ], [ 4.64923, 44.27036 ], [ 4.5587, 44.30244 ], [ 4.50354, 44.34019 ], [ 4.45762, 44.34164 ], [ 4.4405, 44.28405 ], [ 4.39898, 44.28894 ], [ 4.40321, 44.3339 ], [ 4.33607, 44.33952 ], [ 4.28842, 44.31466 ], [ 4.25885, 44.26478 ], [ 4.14287, 44.31335 ], [ 4.12675, 44.33773 ], [ 4.05146, 44.31732 ], [ 4.05299, 44.37869 ], [ 4.06844, 44.40511 ], [ 3.99816, 44.4598 ], [ 3.94436, 44.39957 ], [ 3.88592, 44.388 ], [ 3.95233, 44.32839 ], [ 3.92286, 44.30522 ], [ 3.95131, 44.24779 ], [ 3.93707, 44.1956 ], [ 3.9526, 44.1708 ], [ 3.8621, 44.13007 ], [ 3.797, 44.12739 ], [ 3.67864, 44.18276 ], [ 3.63777, 44.17549 ], [ 3.63349, 44.1227 ], [ 3.43973, 44.1291 ], [ 3.43083, 44.148 ], [ 3.37365, 44.17076 ] ] ] ] } },
{ "type": "Feature", "properties": { "nom": "Gironde", "code": "33", "is_drom": false }, "geometry": { "type": "MultiPolygon", "coordinates": [ [ [ [ -1.02574, 45.57469 ], [ -1.0912, 45.56241 ], [ -1.13643, 45.51099 ], [ -1.15704, 45.47037 ], [ -1.16234, 45.29787 ], [ -1.2229, 44.86482 ], [ -1.26173, 44.6477 ], [ -1.22296, 44.70957 ], [ -1.16053, 44.77467 ], [ -1.03636, 44.69356 ], [ -1.00536, 44.64804 ], [ -1.08079, 44.6406 ], [ -1.19154, 44.66073 ], [ -1.2274, 44.57575 ], [ -1.26028, 44.53951 ], [ -1.25389, 44.4676 ], [ -1.10649, 44.50278 ], [ -1.08517, 44.5322 ], [ -0.9807, 44.48288 ], [ -1.00745, 44.43766 ], [ -0.96958, 44.42938 ], [ -0.91917, 44.44334 ], [ -0.84527, 44.41898 ], [ -0.7307, 44.44637 ], [ -0.62877, 44.44319 ], [ -0.62764, 44.39814 ], [ -0.5281, 44.36466 ], [ -0.51764, 44.33911 ], [ -0.43184, 44.32257 ], [ -0.38338, 44.28631 ], [ -0.38961, 44.20948 ], [ -0.27212, 44.19381 ], [ -0.22345, 44.20589 ], [ -0.226, 44.26478 ], [ -0.19412, 44.26904 ], [ -0.14069, 44.22641 ], [ -0.06663, 44.24676 ], [ -0.03481, 44.29672 ], [ -0.08576, 44.33761 ], [ 0.01824, 44.38988 ], [ -0.01056, 44.41854 ], [ -0.01545, 44.50506 ], [ 0.04057, 44.55305 ], [ 0.1536, 44.61612 ], [ 0.18267, 44.66107 ], [ 0.13373, 44.68245 ], [ 0.15301, 44.73048 ], [ 0.21553, 44.75105 ], [ 0.29733, 44.76229 ], [ 0.27422, 44.7834 ], [ 0.24176, 44.8569 ], [ 0.17043, 44.82668 ], [ 0.08303, 44.83122 ], [ -0.01544, 44.85771 ], [ 0.03436, 44.91547 ], [ 0.00738, 44.9473 ], [ 0.07329, 45.07012 ], [ 0.04606, 45.11323 ], [ -0.00356, 45.11957 ], [ -0.0402, 45.10238 ], [ -0.0877, 45.12139 ], [ -0.15296, 45.08881 ], [ -0.25509, 45.11408 ], [ -0.27536, 45.1414 ], [ -0.34234, 45.16755 ], [ -0.39407, 45.16478 ], [ -0.4175, 45.20402 ], [ -0.40511, 45.23982 ], [ -0.4292, 45.27948 ], [ -0.48622, 45.29357 ], [ -0.55951, 45.29771 ], [ -0.59449, 45.32114 ], [ -0.7233, 45.327 ], [ -0.75268, 45.32177 ], [ -0.77402, 45.36921 ], [ -0.84106, 45.43509 ], [ -1.02574, 45.57469 ] ] ] ] } },
{ "type": "Feature", "properties": { "nom": "Indre", "code": "36", "is_drom": false }, "geometry": { "type": "MultiPolygon", "coordinates": [ [ [ [ 1.32666, 47.18622 ], [ 1.36537, 47.12205 ], [ 1.31167, 47.09698 ], [ 1.27306, 47.03783 ], [ 1.22307, 47.02431 ], [ 1.16142, 47.03962 ], [ 1.07762, 47.01584 ], [ 1.04987, 46.98064 ], [ 0.98881, 46.76154 ], [ 0.95638, 46.73709 ], [ 0.9247, 46.75713 ], [ 0.86747, 46.74822 ], [ 0.90104, 46.73609 ], [ 0.92475, 46.69279 ], [ 0.8943, 46.62573 ], [ 0.94202, 46.58079 ], [ 1.01477, 46.56776 ], [ 1.0206, 46.5371 ], [ 1.0876, 46.53817 ], [ 1.14593, 46.5064 ], [ 1.15161, 46.44923 ], [ 1.21269, 46.43222 ], [ 1.17728, 46.38395 ], [ 1.21642, 46.36778 ], [ 1.30306, 46.37099 ], [ 1.35602, 46.40012 ], [ 1.41519, 46.34721 ], [ 1.46294, 46.37535 ], [ 1.52231, 46.42653 ], [ 1.64485, 46.38682 ], [ 1.68361, 46.41818 ], [ 1.72771, 46.38896 ], [ 1.79838, 46.45481 ], [ 1.8195, 46.43003 ], [ 1.99308, 46.43092 ], [ 2.08895, 46.4089 ], [ 2.16778, 46.42407 ], [ 2.15167, 46.45796 ], [ 2.20439, 46.4844 ], [ 2.1587, 46.55734 ], [ 2.18563, 46.60286 ], [ 2.17945, 46.64253 ], [ 2.14313, 46.66353 ], [ 2.14072, 46.69555 ], [ 2.06576, 46.7425 ], [ 2.11536, 46.77436 ], [ 2.0488, 46.82945 ], [ 2.08708, 46.86753 ], [ 2.12621, 46.87987 ], [ 2.11032, 46.91326 ], [ 2.0707, 46.934 ], [ 2.08825, 46.96044 ], [ 2.09338, 47.01573 ], [ 2.05149, 47.04002 ], [ 2.04837, 47.10602 ], [ 1.96642, 47.12542 ], [ 1.88272, 47.10195 ], [ 1.77459, 47.13085 ], [ 1.8421, 47.17803 ], [ 1.83908, 47.2193 ], [ 1.7761, 47.23138 ], [ 1.70583, 47.26588 ], [ 1.59243, 47.27668 ], [ 1.48127, 47.23911 ], [ 1.44846, 47.23796 ], [ 1.32666, 47.18622 ] ] ] ] } },
{ "type": "Feature", "properties": { "nom": "Isère", "code": "38", "is_drom": false }, "geometry": { "type": "MultiPolygon", "coordinates": [ [ [ [ 5.62374, 45.61327 ], [ 5.58676, 45.6653 ], [ 5.55274, 45.67988 ], [ 5.54554, 45.71359 ], [ 5.48253, 45.75459 ], [ 5.42265, 45.80712 ], [ 5.43494, 45.83109 ], [ 5.35383, 45.88327 ], [ 5.30918, 45.85493 ], [ 5.26689, 45.78937 ], [ 5.19153, 45.77169 ], [ 5.16036, 45.80232 ], [ 5.10107, 45.81338 ], [ 5.09453, 45.73945 ], [ 5.13105, 45.70771 ], [ 5.05423, 45.66014 ], [ 5.03515, 45.6372 ], [ 4.97198, 45.61268 ], [ 4.90146, 45.60626 ], [ 4.80869, 45.5723 ], [ 4.86848, 45.52344 ], [ 4.75693, 45.4557 ], [ 4.74476, 45.42133 ], [ 4.756, 45.36567 ], [ 4.76993, 45.31601 ], [ 4.80049, 45.29836 ], [ 4.8588, 45.30895 ], [ 4.88024, 45.29746 ], [ 4.98919, 45.34404 ], [ 5.05432, 45.31905 ], [ 5.07541, 45.28183 ], [ 5.13135, 45.28653 ], [ 5.12143, 45.24833 ], [ 5.17655, 45.2484 ], [ 5.16488, 45.19845 ], [ 5.18857, 45.17126 ], [ 5.17938, 45.08331 ], [ 5.24834, 45.06093 ], [ 5.29187, 45.06393 ], [ 5.38839, 45.03614 ], [ 5.44979, 45.07079 ], [ 5.48361, 45.02279 ], [ 5.48365, 44.92229 ], [ 5.46416, 44.79242 ], [ 5.62709, 44.75246 ], [ 5.6471, 44.7241 ], [ 5.69879, 44.72207 ], [ 5.75904, 44.69607 ], [ 5.80147, 44.70678 ], [ 5.85039, 44.75075 ], [ 5.91523, 44.7547 ], [ 5.98015, 44.78118 ], [ 5.94952, 44.80453 ], [ 6.03022, 44.8381 ], [ 6.05634, 44.81591 ], [ 6.13623, 44.86407 ], [ 6.25054, 44.85265 ], [ 6.30285, 44.87326 ], [ 6.35536, 44.85478 ], [ 6.35884, 44.94128 ], [ 6.329, 44.94732 ], [ 6.3182, 45.00386 ], [ 6.25176, 44.9967 ], [ 6.20392, 45.01247 ], [ 6.22939, 45.10875 ], [ 6.26057, 45.12684 ], [ 6.18921, 45.16373 ], [ 6.14379, 45.15455 ], [ 6.15947, 45.20245 ], [ 6.1257, 45.24427 ], [ 6.13195, 45.28829 ], [ 6.18445, 45.31795 ], [ 6.19476, 45.35224 ], [ 6.17745, 45.39316 ], [ 6.12127, 45.4389 ], [ 6.04975, 45.43792 ], [ 6.0109, 45.4732 ], [ 5.96617, 45.49231 ], [ 5.92542, 45.46459 ], [ 5.87973, 45.4068 ], [ 5.78209, 45.44066 ], [ 5.7401, 45.43735 ], [ 5.73638, 45.47254 ], [ 5.66954, 45.5632 ], [ 5.62374, 45.61327 ] ] ] ] } },
{ "type": "Feature", "properties": { "nom": "Marne", "code": "51", "is_drom": false }, "geometry": { "type": "MultiPolygon", "coordinates": [ [ [ [ 4.04797, 49.40564 ], [ 4.0355, 49.35991 ], [ 3.96131, 49.37735 ], [ 3.92444, 49.40618 ], [ 3.84748, 49.36459 ], [ 3.75782, 49.3476 ], [ 3.64696, 49.31515 ], [ 3.67078, 49.2396 ], [ 3.70439, 49.18137 ], [ 3.74877, 49.15709 ], [ 3.62225, 49.15111 ], [ 3.60001, 49.12069 ], [ 3.64631, 49.04059 ], [ 3.63989, 49.00409 ], [ 3.6016, 48.94407 ], [ 3.52857, 48.91214 ], [ 3.48518, 48.85191 ], [ 3.45441, 48.81384 ], [ 3.43581, 48.75357 ], [ 3.46747, 48.73522 ], [ 3.47697, 48.69936 ], [ 3.44269, 48.6725 ], [ 3.46043, 48.65301 ], [ 3.55561, 48.62029 ], [ 3.63402, 48.5413 ], [ 3.73088, 48.53747 ], [ 3.82274, 48.51611 ], [ 3.86079, 48.53388 ], [ 3.85425, 48.57722 ], [ 3.90006, 48.57484 ], [ 3.94923, 48.60343 ], [ 4.00169, 48.66388 ], [ 4.05591, 48.66708 ], [ 4.08026, 48.70107 ], [ 4.13109, 48.68615 ], [ 4.16638, 48.70745 ], [ 4.23305, 48.70231 ], [ 4.29545, 48.71317 ], [ 4.3256, 48.70028 ], [ 4.31591, 48.61558 ], [ 4.40307, 48.56126 ], [ 4.54541, 48.52525 ], [ 4.61403, 48.55381 ], [ 4.67019, 48.53188 ], [ 4.72355, 48.54148 ], [ 4.79918, 48.52978 ], [ 4.7692, 48.58869 ], [ 4.84925, 48.62363 ], [ 4.84196, 48.64967 ], [ 4.91126, 48.68871 ], [ 4.98843, 48.68442 ], [ 5.00641, 48.69907 ], [ 4.99012, 48.74183 ], [ 4.88876, 48.81721 ], [ 4.9357, 48.84063 ], [ 4.913, 48.87214 ], [ 4.93621, 48.92214 ], [ 4.9864, 48.9319 ], [ 5.03013, 48.9569 ], [ 5.03632, 49.02434 ], [ 5.00768, 49.03495 ], [ 4.99212, 49.1149 ], [ 4.93976, 49.18507 ], [ 4.99338, 49.20962 ], [ 4.95099, 49.23687 ], [ 4.89421, 49.25907 ], [ 4.82695, 49.23576 ], [ 4.74423, 49.24147 ], [ 4.68608, 49.25676 ], [ 4.6251, 49.23565 ], [ 4.57587, 49.29665 ], [ 4.51544, 49.28191 ], [ 4.42258, 49.28064 ], [ 4.35416, 49.31616 ], [ 4.30676, 49.32779 ], [ 4.24832, 49.38226 ], [ 4.14316, 49.40419 ], [ 4.04797, 49.40564 ] ] ] ] } },
{ "type": "Feature", "properties": { "nom": "Haute-Marne", "code": "52", "is_drom": false }, "geometry": { "type": "MultiPolygon", "coordinates": [ [ [ [ 4.67019, 48.53188 ], [ 4.65346, 48.47055 ], [ 4.7161, 48.39485 ], [ 4.75472, 48.36668 ], [ 4.80974, 48.34736 ], [ 4.81421, 48.32301 ], [ 4.85891, 48.26364 ], [ 4.84321, 48.24711 ], [ 4.86317, 48.20198 ], [ 4.83795, 48.16896 ], [ 4.8501, 48.14176 ], [ 4.81931, 48.10319 ], [ 4.73061, 48.11821 ], [ 4.68882, 48.07313 ], [ 4.70423, 48.02024 ], [ 4.78908, 48.00783 ], [ 4.78652, 47.9642 ], [ 4.85205, 47.95624 ], [ 4.90185, 47.92128 ], [ 4.9541, 47.86677 ], [ 4.9824, 47.80035 ], [ 4.94961, 47.76501 ], [ 4.97911, 47.68776 ], [ 5.02627, 47.70949 ], [ 5.04358, 47.67651 ], [ 5.10887, 47.64969 ], [ 5.1736, 47.65256 ], [ 5.23923, 47.61613 ], [ 5.25292, 47.57695 ], [ 5.29984, 47.60493 ], [ 5.37408, 47.60454 ], [ 5.40634, 47.6734 ], [ 5.48257, 47.6846 ], [ 5.52978, 47.67283 ], [ 5.5672, 47.70523 ], [ 5.59668, 47.67169 ], [ 5.69007, 47.68483 ], [ 5.68412, 47.71197 ], [ 5.70922, 47.74482 ], [ 5.67661, 47.77916 ], [ 5.69028, 47.8186 ], [ 5.74605, 47.82359 ], [ 5.7612, 47.85934 ], [ 5.82144, 47.86818 ], [ 5.88472, 47.92605 ], [ 5.85, 47.96283 ], [ 5.78728, 47.95259 ], [ 5.7938, 47.99169 ], [ 5.77775, 48.03136 ], [ 5.72696, 48.04603 ], [ 5.6968, 48.07723 ], [ 5.63054, 48.08398 ], [ 5.68432, 48.14505 ], [ 5.68224, 48.17571 ], [ 5.73098, 48.1897 ], [ 5.71085, 48.21993 ], [ 5.6409, 48.24236 ], [ 5.65381, 48.26852 ], [ 5.58833, 48.27426 ], [ 5.52651, 48.33174 ], [ 5.48215, 48.3562 ], [ 5.41822, 48.33983 ], [ 5.40872, 48.3831 ], [ 5.47005, 48.42093 ], [ 5.4085, 48.44579 ], [ 5.40088, 48.47048 ], [ 5.34947, 48.48199 ], [ 5.20842, 48.53861 ], [ 5.11835, 48.59551 ], [ 5.07089, 48.59573 ], [ 5.00592, 48.63403 ], [ 4.98843, 48.68442 ], [ 4.91126, 48.68871 ], [ 4.84196, 48.64967 ], [ 4.84925, 48.62363 ], [ 4.7692, 48.58869 ], [ 4.79918, 48.52978 ], [ 4.72355, 48.54148 ], [ 4.67019, 48.53188 ] ] ] ] } },
{ "type": "Feature", "properties": { "nom": "Moselle", "code": "57", "is_drom": false }, "geometry": { "type": "MultiPolygon", "coordinates": [ [ [ [ 7.63528, 49.05416 ], [ 7.59998, 49.08333 ], [ 7.53901, 49.09207 ], [ 7.49215, 49.14186 ], [ 7.49119, 49.1698 ], [ 7.43995, 49.1808 ], [ 7.36508, 49.17184 ], [ 7.29865, 49.11746 ], [ 7.24779, 49.12798 ], [ 7.15673, 49.12131 ], [ 7.08888, 49.13022 ], [ 7.0661, 49.11458 ], [ 7.01071, 49.18812 ], [ 6.93542, 49.22216 ], [ 6.83538, 49.21133 ], [ 6.86095, 49.17871 ], [ 6.83454, 49.15147 ], [ 6.78456, 49.16809 ], [ 6.73851, 49.16366 ], [ 6.68814, 49.22445 ], [ 6.66919, 49.2806 ], [ 6.61754, 49.30217 ], [ 6.56584, 49.34735 ], [ 6.58708, 49.38494 ], [ 6.54052, 49.40115 ], [ 6.55223, 49.42335 ], [ 6.43012, 49.4764 ], [ 6.39196, 49.46446 ], [ 6.29658, 49.48011 ], [ 6.25641, 49.51002 ], [ 6.15689, 49.50439 ], [ 6.12349, 49.47375 ], [ 5.98898, 49.45333 ], [ 5.97178, 49.49132 ], [ 5.8934, 49.49691 ], [ 5.94262, 49.45289 ], [ 5.92853, 49.3755 ], [ 5.94401, 49.33464 ], [ 5.98522, 49.30517 ], [ 6.02939, 49.23047 ], [ 5.98763, 49.20962 ], [ 6.02614, 49.16512 ], [ 5.98138, 49.14445 ], [ 5.9974, 49.10784 ], [ 5.9316, 49.10911 ], [ 5.9354, 49.07185 ], [ 5.97157, 49.04095 ], [ 6.045, 49.01041 ], [ 6.04343, 48.97747 ], [ 6.1169, 48.96783 ], [ 6.13221, 48.93472 ], [ 6.27198, 48.93314 ], [ 6.32726, 48.9052 ], [ 6.30297, 48.88669 ], [ 6.30333, 48.83818 ], [ 6.33895, 48.83405 ], [ 6.35504, 48.78166 ], [ 6.43351, 48.78904 ], [ 6.45361, 48.76589 ], [ 6.55415, 48.75409 ], [ 6.59897, 48.71569 ], [ 6.65841, 48.70804 ], [ 6.69228, 48.67284 ], [ 6.75467, 48.66939 ], [ 6.78249, 48.64272 ], [ 6.84405, 48.62597 ], [ 6.98288, 48.61187 ], [ 7.07936, 48.53642 ], [ 7.16791, 48.52759 ], [ 7.21931, 48.55377 ], [ 7.25628, 48.58867 ], [ 7.28305, 48.63811 ], [ 7.24248, 48.69155 ], [ 7.3119, 48.7673 ], [ 7.26203, 48.79776 ], [ 7.14941, 48.84471 ], [ 7.1268, 48.80115 ], [ 7.08816, 48.79249 ], [ 7.05452, 48.81371 ], [ 7.04535, 48.87155 ], [ 6.96461, 48.90452 ], [ 6.98921, 48.95992 ], [ 7.03088, 48.98588 ], [ 7.05491, 49.03062 ], [ 7.10766, 49.04411 ], [ 7.13051, 49.00459 ], [ 7.17424, 49.00637 ], [ 7.29305, 48.97342 ], [ 7.32685, 48.94338 ], [ 7.44689, 48.96578 ], [ 7.53826, 48.93296 ], [ 7.57839, 48.9574 ], [ 7.59121, 48.99373 ], [ 7.63528, 49.05416 ] ] ] ] } },
{ "type": "Feature", "properties": { "nom": "Hautes-Pyrénées", "code": "65", "is_drom": false }, "geometry": { "type": "MultiPolygon", "coordinates": [ [ [ [ -0.10307, 43.24282 ], [ -0.07984, 43.26237 ], [ -0.11185, 43.31039 ], [ -0.14062, 43.27194 ], [ -0.10307, 43.24282 ] ] ], [ [ [ -0.10222, 43.35851 ], [ -0.1114, 43.31581 ], [ -0.07504, 43.30714 ], [ -0.0625, 43.34671 ], [ -0.10222, 43.35851 ] ] ], [ [ [ -0.09679, 43.5824 ], [ -0.04014, 43.5126 ], [ -0.03396, 43.47488 ], [ -0.06903, 43.43735 ], [ -0.04275, 43.41043 ], [ 0.00959, 43.42211 ], [ -0.00525, 43.37376 ], [ 0.02378, 43.34914 ], [ -0.02487, 43.32949 ], [ -0.04612, 43.30086 ], [ -0.01701, 43.27045 ], [ -0.04587, 43.23214 ], [ -0.07253, 43.22439 ], [ -0.06787, 43.17712 ], [ -0.1177, 43.18032 ], [ -0.14614, 43.12823 ], [ -0.19098, 43.1112 ], [ -0.19915, 43.06441 ], [ -0.22395, 43.03368 ], [ -0.29155, 42.98777 ], [ -0.28159, 42.93356 ], [ -0.32708, 42.91579 ], [ -0.31344, 42.84938 ], [ -0.23845, 42.80817 ], [ -0.146, 42.76847 ], [ -0.10611, 42.72083 ], [ -0.05981, 42.69342 ], [ -0.01064, 42.68438 ], [ 0.09042, 42.71713 ], [ 0.11125, 42.71021 ], [ 0.17573, 42.73648 ], [ 0.25989, 42.71581 ], [ 0.29282, 42.67492 ], [ 0.35963, 42.72339 ], [ 0.42928, 42.69075 ], [ 0.47775, 42.69999 ], [ 0.4551, 42.72806 ], [ 0.4589, 42.82814 ], [ 0.4773, 42.8781 ], [ 0.53695, 42.86251 ], [ 0.57594, 42.87083 ], [ 0.62742, 43.0001 ], [ 0.60825, 43.03356 ], [ 0.56301, 43.01747 ], [ 0.55733, 43.0664 ], [ 0.53226, 43.09386 ], [ 0.44199, 43.13127 ], [ 0.55188, 43.20914 ], [ 0.55157, 43.2361 ], [ 0.61628, 43.28904 ], [ 0.60681, 43.31088 ], [ 0.54745, 43.32932 ], [ 0.44303, 43.32793 ], [ 0.39533, 43.33454 ], [ 0.38834, 43.35621 ], [ 0.33184, 43.34316 ], [ 0.32769, 43.37095 ], [ 0.27725, 43.38579 ], [ 0.23258, 43.36777 ], [ 0.18203, 43.37118 ], [ 0.13798, 43.43292 ], [ 0.11213, 43.51737 ], [ 0.05608, 43.5188 ], [ -0.00193, 43.56554 ], [ -0.01578, 43.60465 ], [ -0.07397, 43.60631 ], [ -0.09679, 43.5824 ] ] ] ] } },
{ "type": "Feature", "properties": { "nom": "Pyrénées-Orientales", "code": "66", "is_drom": false }, "geometry": { "type": "MultiPolygon", "coordinates": [ [ [ [ 2.16605, 42.66392 ], [ 2.11986, 42.66946 ], [ 2.00052, 42.66156 ], [ 1.97175, 42.61692 ], [ 1.90729, 42.60863 ], [ 1.87448, 42.58141 ], [ 1.78613, 42.57362 ], [ 1.74988, 42.56359 ], [ 1.72989, 42.49533 ], [ 1.83462, 42.48178 ], [ 1.88545, 42.4493 ], [ 1.95828, 42.42405 ], [ 1.98591, 42.36204 ], [ 2.08359, 42.3627 ], [ 2.15634, 42.42342 ], [ 2.20106, 42.41629 ], [ 2.2578, 42.43835 ], [ 2.31413, 42.42785 ], [ 2.34918, 42.40675 ], [ 2.43548, 42.38888 ], [ 2.48296, 42.33965 ], [ 2.54004, 42.33376 ], [ 2.57783, 42.35793 ], [ 2.67177, 42.34118 ], [ 2.66111, 42.36596 ], [ 2.67504, 42.40497 ], [ 2.7532, 42.42536 ], [ 2.79924, 42.41857 ], [ 2.84142, 42.45852 ], [ 2.92448, 42.45839 ], [ 3.04076, 42.47314 ], [ 3.08544, 42.42551 ], [ 3.17322, 42.43488 ], [ 3.13358, 42.51294 ], [ 3.06025, 42.53557 ], [ 3.0496, 42.55014 ], [ 3.03542, 42.67825 ], [ 3.0435, 42.83815 ], [ 2.97623, 42.87028 ], [ 2.91711, 42.88486 ], [ 2.86527, 42.91834 ], [ 2.78906, 42.89599 ], [ 2.74, 42.83758 ], [ 2.69758, 42.83043 ], [ 2.50901, 42.84983 ], [ 2.45247, 42.83693 ], [ 2.38216, 42.84847 ], [ 2.32711, 42.83744 ], [ 2.35754, 42.73412 ], [ 2.32201, 42.70779 ], [ 2.26453, 42.70624 ], [ 2.24651, 42.68121 ], [ 2.17621, 42.6489 ], [ 2.16605, 42.66392 ] ] ] ] } },
{ "type": "Feature", "properties": { "nom": "Savoie", "code": "73", "is_drom": false }, "geometry": { "type": "MultiPolygon", "coordinates": [ [ [ [ 6.80252, 45.77837 ], [ 6.75551, 45.76636 ], [ 6.71194, 45.72292 ], [ 6.66119, 45.79891 ], [ 6.60173, 45.79542 ], [ 6.55223, 45.82688 ], [ 6.53579, 45.86205 ], [ 6.55868, 45.89309 ], [ 6.50909, 45.90863 ], [ 6.47057, 45.88469 ], [ 6.42367, 45.80245 ], [ 6.38385, 45.77806 ], [ 6.33063, 45.69553 ], [ 6.23968, 45.6854 ], [ 6.18971, 45.70416 ], [ 6.16624, 45.75572 ], [ 6.04295, 45.7391 ], [ 5.97393, 45.77495 ], [ 5.96256, 45.81224 ], [ 5.91322, 45.80414 ], [ 5.87342, 45.8381 ], [ 5.87894, 45.85976 ], [ 5.8621, 45.9324 ], [ 5.83123, 45.93846 ], [ 5.82854, 45.90929 ], [ 5.78686, 45.82296 ], [ 5.77616, 45.72922 ], [ 5.75668, 45.70873 ], [ 5.70412, 45.71092 ], [ 5.68918, 45.6485 ], [ 5.62374, 45.61327 ], [ 5.66954, 45.5632 ], [ 5.73638, 45.47254 ], [ 5.7401, 45.43735 ], [ 5.78209, 45.44066 ], [ 5.87973, 45.4068 ], [ 5.92542, 45.46459 ], [ 5.96617, 45.49231 ], [ 6.0109, 45.4732 ], [ 6.04975, 45.43792 ], [ 6.12127, 45.4389 ], [ 6.17745, 45.39316 ], [ 6.19476, 45.35224 ], [ 6.18445, 45.31795 ], [ 6.13195, 45.28829 ], [ 6.1257, 45.24427 ], [ 6.15947, 45.20245 ], [ 6.14379, 45.15455 ], [ 6.18921, 45.16373 ], [ 6.26057, 45.12684 ], [ 6.28628, 45.11016 ], [ 6.3313, 45.11812 ], [ 6.36293, 45.10449 ], [ 6.39391, 45.06182 ], [ 6.48624, 45.05608 ], [ 6.48126, 45.09414 ], [ 6.55673, 45.10408 ], [ 6.57653, 45.12309 ], [ 6.62999, 45.10932 ], [ 6.68007, 45.14012 ], [ 6.73926, 45.13677 ], [ 6.76794, 45.15974 ], [ 6.84986, 45.12716 ], [ 6.89438, 45.13737 ], [ 6.8916, 45.16703 ], [ 6.9542, 45.17961 ], [ 6.96876, 45.20806 ], [ 7.05118, 45.22533 ], [ 7.06734, 45.21009 ], [ 7.13759, 45.25569 ], [ 7.11069, 45.32651 ], [ 7.16166, 45.36245 ], [ 7.18427, 45.40748 ], [ 7.11352, 45.4342 ], [ 7.09978, 45.46944 ], [ 7.04585, 45.47835 ], [ 7.00033, 45.50441 ], [ 6.99538, 45.57564 ], [ 6.97785, 45.58988 ], [ 7.00069, 45.6399 ], [ 6.93461, 45.64709 ], [ 6.82911, 45.70283 ], [ 6.80252, 45.77837 ] ] ] ] } },
{ "type": "Feature", "properties": { "nom": "Haute-Savoie", "code": "74", "is_drom": false }, "geometry": { "type": "MultiPolygon", "coordinates": [ [ [ [ 6.80252, 45.77837 ], [ 6.81808, 45.83497 ], [ 6.93961, 45.84673 ], [ 6.99172, 45.8682 ], [ 7.00315, 45.89783 ], [ 7.04389, 45.92209 ], [ 7.01825, 45.98419 ], [ 6.95151, 46.04995 ], [ 6.89145, 46.0845 ], [ 6.89838, 46.12256 ], [ 6.81473, 46.1297 ], [ 6.79039, 46.15472 ], [ 6.80366, 46.20434 ], [ 6.8539, 46.25376 ], [ 6.86451, 46.28299 ], [ 6.78264, 46.33688 ], [ 6.7726, 46.36173 ], [ 6.79567, 46.39309 ], [ 6.72286, 46.40755 ], [ 6.63506, 46.40577 ], [ 6.54518, 46.39472 ], [ 6.50904, 46.40403 ], [ 6.46906, 46.37261 ], [ 6.39003, 46.34016 ], [ 6.327, 46.37113 ], [ 6.27991, 46.35109 ], [ 6.2378, 46.27734 ], [ 6.29565, 46.22605 ], [ 6.23207, 46.20547 ], [ 6.17507, 46.15815 ], [ 6.12662, 46.14046 ], [ 6.09246, 46.15176 ], [ 5.95607, 46.13209 ], [ 5.89404, 46.11947 ], [ 5.88318, 46.08491 ], [ 5.8323, 46.106 ], [ 5.80762, 46.06394 ], [ 5.80964, 45.9898 ], [ 5.83402, 45.97203 ], [ 5.83123, 45.93846 ], [ 5.8621, 45.9324 ], [ 5.87894, 45.85976 ], [ 5.87342, 45.8381 ], [ 5.91322, 45.80414 ], [ 5.96256, 45.81224 ], [ 5.97393, 45.77495 ], [ 6.04295, 45.7391 ], [ 6.16624, 45.75572 ], [ 6.18971, 45.70416 ], [ 6.23968, 45.6854 ], [ 6.33063, 45.69553 ], [ 6.38385, 45.77806 ], [ 6.42367, 45.80245 ], [ 6.47057, 45.88469 ], [ 6.50909, 45.90863 ], [ 6.55868, 45.89309 ], [ 6.53579, 45.86205 ], [ 6.55223, 45.82688 ], [ 6.60173, 45.79542 ], [ 6.66119, 45.79891 ], [ 6.71194, 45.72292 ], [ 6.75551, 45.76636 ], [ 6.80252, 45.77837 ] ] ] ] } },
{ "type": "Feature", "properties": { "nom": "Seine-et-Marne", "code": "77", "is_drom": false }, "geometry": { "type": "MultiPolygon", "coordinates": [ [ [ [ 2.57165, 48.69202 ], [ 2.53361, 48.65733 ], [ 2.54378, 48.60385 ], [ 2.49952, 48.52523 ], [ 2.50475, 48.43945 ], [ 2.53373, 48.41125 ], [ 2.42983, 48.36201 ], [ 2.40266, 48.32072 ], [ 2.42376, 48.2603 ], [ 2.50619, 48.23853 ], [ 2.52294, 48.20052 ], [ 2.50632, 48.15644 ], [ 2.53811, 48.14065 ], [ 2.66341, 48.1222 ], [ 2.70654, 48.12482 ], [ 2.79895, 48.16827 ], [ 2.82088, 48.12966 ], [ 2.86803, 48.15644 ], [ 2.93632, 48.16339 ], [ 2.93474, 48.17882 ], [ 3.00516, 48.20767 ], [ 3.04363, 48.27202 ], [ 3.02726, 48.30037 ], [ 3.04952, 48.36012 ], [ 3.16773, 48.37186 ], [ 3.25439, 48.36502 ], [ 3.28239, 48.37752 ], [ 3.36516, 48.37228 ], [ 3.41479, 48.39027 ], [ 3.39196, 48.42432 ], [ 3.42035, 48.49155 ], [ 3.42345, 48.53356 ], [ 3.4796, 48.54471 ], [ 3.46552, 48.57048 ], [ 3.50385, 48.60481 ], [ 3.55561, 48.62029 ], [ 3.46043, 48.65301 ], [ 3.44269, 48.6725 ], [ 3.47697, 48.69936 ], [ 3.46747, 48.73522 ], [ 3.43581, 48.75357 ], [ 3.45441, 48.81384 ], [ 3.48518, 48.85191 ], [ 3.40322, 48.86469 ], [ 3.33029, 48.90871 ], [ 3.30475, 48.94877 ], [ 3.17168, 49.01413 ], [ 3.18184, 49.06207 ], [ 3.16523, 49.09965 ], [ 3.07188, 49.11755 ], [ 3.04836, 49.08632 ], [ 3.00852, 49.09151 ], [ 2.85574, 49.07026 ], [ 2.84515, 49.08466 ], [ 2.73501, 49.06045 ], [ 2.63328, 49.10837 ], [ 2.59053, 49.07965 ], [ 2.55306, 49.00982 ], [ 2.6026, 48.92936 ], [ 2.56263, 48.88888 ], [ 2.59227, 48.80744 ], [ 2.61365, 48.76103 ], [ 2.58582, 48.74149 ], [ 2.57165, 48.69202 ] ] ] ] } },
{ "type": "Feature", "properties": { "nom": "Vaucluse", "code": "84", "is_drom": false }, "geometry": { "type": "MultiPolygon", "coordinates": [ [ [ [ 4.88812, 44.33169 ], [ 4.92215, 44.30879 ], [ 4.97858, 44.29746 ], [ 5.01338, 44.32614 ], [ 5.02701, 44.36284 ], [ 5.01575, 44.39277 ], [ 4.97044, 44.43137 ], [ 4.91851, 44.40779 ], [ 4.88812, 44.33169 ] ] ], [ [ [ 5.49879, 44.11572 ], [ 5.45472, 44.11923 ], [ 5.43575, 44.15225 ], [ 5.38324, 44.15528 ], [ 5.38453, 44.20105 ], [ 5.35404, 44.21343 ], [ 5.30371, 44.20601 ], [ 5.2565, 44.23006 ], [ 5.23815, 44.21323 ], [ 5.1549, 44.23094 ], [ 5.14973, 44.28209 ], [ 5.07651, 44.28408 ], [ 5.06056, 44.30814 ], [ 4.93549, 44.26431 ], [ 4.87376, 44.25926 ], [ 4.81409, 44.23231 ], [ 4.80288, 44.29659 ], [ 4.76225, 44.32538 ], [ 4.67903, 44.32049 ], [ 4.65061, 44.3298 ], [ 4.64923, 44.27036 ], [ 4.72207, 44.18742 ], [ 4.70746, 44.10367 ], [ 4.73014, 44.07902 ], [ 4.78798, 44.06506 ], [ 4.83768, 44.01494 ], [ 4.8421, 43.98647 ], [ 4.77902, 43.93789 ], [ 4.73906, 43.92406 ], [ 4.85309, 43.91138 ], [ 4.9663, 43.87165 ], [ 5.02953, 43.8278 ], [ 5.05149, 43.78788 ], [ 5.18798, 43.7351 ], [ 5.22999, 43.74767 ], [ 5.3185, 43.73502 ], [ 5.43924, 43.68111 ], [ 5.53145, 43.65901 ], [ 5.60694, 43.65869 ], [ 5.67408, 43.69355 ], [ 5.71735, 43.69353 ], [ 5.75364, 43.72462 ], [ 5.75734, 43.7294 ], [ 5.71606, 43.7574 ], [ 5.65445, 43.82511 ], [ 5.5782, 43.82992 ], [ 5.57377, 43.86651 ], [ 5.60713, 43.91377 ], [ 5.56763, 43.94264 ], [ 5.51209, 43.946 ], [ 5.51806, 43.99011 ], [ 5.54366, 44.02871 ], [ 5.54459, 44.06989 ], [ 5.50264, 44.06344 ], [ 5.49879, 44.11572 ] ] ] ] } },
{ "type": "Feature", "properties": { "nom": "Vienne", "code": "86", "is_drom": false }, "geometry": { "type": "MultiPolygon", "coordinates": [ [ [ [ -0.10212, 47.0648 ], [ -0.0877, 47.02313 ], [ -0.00904, 46.90748 ], [ -0.00777, 46.84747 ], [ -0.02032, 46.81265 ], [ 0.0007, 46.71623 ], [ -0.00695, 46.68291 ], [ -0.04043, 46.66372 ], [ -0.02655, 46.62886 ], [ 0.02599, 46.59474 ], [ -0.00802, 46.56754 ], [ 0.00789, 46.54798 ], [ -0.03135, 46.52498 ], [ -0.0147, 46.47507 ], [ -0.0171, 46.41132 ], [ 0.03422, 46.37349 ], [ 0.0376, 46.32553 ], [ 0.07822, 46.30494 ], [ 0.13759, 46.3494 ], [ 0.17737, 46.32811 ], [ 0.12884, 46.26723 ], [ 0.14344, 46.23012 ], [ 0.11284, 46.21093 ], [ 0.15511, 46.15717 ], [ 0.21492, 46.13884 ], [ 0.19735, 46.09555 ], [ 0.27981, 46.06097 ], [ 0.40266, 46.06268 ], [ 0.44508, 46.0508 ], [ 0.47596, 46.0827 ], [ 0.44326, 46.10157 ], [ 0.4723, 46.13013 ], [ 0.50641, 46.13195 ], [ 0.53998, 46.08556 ], [ 0.68745, 46.09725 ], [ 0.68406, 46.11934 ], [ 0.74691, 46.13857 ], [ 0.82343, 46.12858 ], [ 0.83233, 46.14978 ], [ 0.79633, 46.21096 ], [ 0.86145, 46.26164 ], [ 0.90728, 46.28526 ], [ 1.00589, 46.28097 ], [ 1.027, 46.34304 ], [ 1.05118, 46.35816 ], [ 1.12976, 46.36046 ], [ 1.17728, 46.38395 ], [ 1.21269, 46.43222 ], [ 1.15161, 46.44923 ], [ 1.14593, 46.5064 ], [ 1.0876, 46.53817 ], [ 1.0206, 46.5371 ], [ 1.01477, 46.56776 ], [ 0.94202, 46.58079 ], [ 0.8943, 46.62573 ], [ 0.92475, 46.69279 ], [ 0.90104, 46.73609 ], [ 0.86747, 46.74822 ], [ 0.8119, 46.7945 ], [ 0.79033, 46.85239 ], [ 0.75088, 46.86352 ], [ 0.70432, 46.9033 ], [ 0.69257, 46.9743 ], [ 0.63621, 46.98545 ], [ 0.61887, 47.00746 ], [ 0.56695, 47.00227 ], [ 0.59835, 46.95676 ], [ 0.50613, 46.95925 ], [ 0.4387, 46.92958 ], [ 0.36651, 46.94955 ], [ 0.32484, 46.93065 ], [ 0.30074, 46.97383 ], [ 0.3097, 47.02564 ], [ 0.29823, 47.05392 ], [ 0.24245, 47.07119 ], [ 0.20799, 47.05323 ], [ 0.17422, 47.07127 ], [ 0.13613, 47.12158 ], [ 0.07637, 47.12393 ], [ 0.05383, 47.16373 ], [ -0.01074, 47.15751 ], [ -0.04417, 47.09324 ], [ -0.08591, 47.10101 ], [ -0.10212, 47.0648 ] ] ] ] } },
{ "type": "Feature", "properties": { "nom": "Val-de-Marne", "code": "94", "is_drom": false }, "geometry": { "type": "MultiPolygon", "coordinates": [ [ [ [ 2.3319, 48.81701 ], [ 2.32072, 48.74876 ], [ 2.3707, 48.72017 ], [ 2.45494, 48.72266 ], [ 2.50354, 48.73521 ], [ 2.53107, 48.69978 ], [ 2.57165, 48.69202 ], [ 2.58582, 48.74149 ], [ 2.61365, 48.76103 ], [ 2.59227, 48.80744 ], [ 2.49565, 48.86085 ], [ 2.41634, 48.84923 ], [ 2.40603, 48.82762 ], [ 2.3319, 48.81701 ] ] ] ] } },
{ "type": "Feature", "properties": { "nom": "Ain", "code": "01", "is_drom": false }, "geometry": { "type": "MultiPolygon", "coordinates": [ [ [ [ 4.78021, 46.17668 ], [ 4.79744, 46.1407 ], [ 4.75032, 46.09415 ], [ 4.73953, 46.04721 ], [ 4.75463, 45.97362 ], [ 4.7291, 45.9491 ], [ 4.86451, 45.90462 ], [ 4.92149, 45.83268 ], [ 4.9238, 45.80399 ], [ 5.10107, 45.81338 ], [ 5.16036, 45.80232 ], [ 5.19153, 45.77169 ], [ 5.26689, 45.78937 ], [ 5.30918, 45.85493 ], [ 5.35383, 45.88327 ], [ 5.43494, 45.83109 ], [ 5.42265, 45.80712 ], [ 5.48253, 45.75459 ], [ 5.54554, 45.71359 ], [ 5.55274, 45.67988 ], [ 5.58676, 45.6653 ], [ 5.62374, 45.61327 ], [ 5.68918, 45.6485 ], [ 5.70412, 45.71092 ], [ 5.75668, 45.70873 ], [ 5.77616, 45.72922 ], [ 5.78686, 45.82296 ], [ 5.82854, 45.90929 ], [ 5.83123, 45.93846 ], [ 5.83402, 45.97203 ], [ 5.80964, 45.9898 ], [ 5.80762, 46.06394 ], [ 5.8323, 46.106 ], [ 5.88318, 46.08491 ], [ 5.89404, 46.11947 ], [ 5.95607, 46.13209 ], [ 5.99216, 46.18662 ], [ 5.97178, 46.21152 ], [ 6.03313, 46.23799 ], [ 6.12425, 46.25102 ], [ 6.10264, 46.28506 ], [ 6.16974, 46.36794 ], [ 6.0982, 46.40879 ], [ 6.06401, 46.41622 ], [ 5.98685, 46.36487 ], [ 5.90894, 46.28395 ], [ 5.84985, 46.26207 ], [ 5.76565, 46.26829 ], [ 5.72518, 46.26073 ], [ 5.71472, 46.30877 ], [ 5.64934, 46.33949 ], [ 5.59839, 46.29845 ], [ 5.54203, 46.2702 ], [ 5.47305, 46.26507 ], [ 5.4753, 46.31538 ], [ 5.43779, 46.31511 ], [ 5.37346, 46.35223 ], [ 5.37704, 46.38136 ], [ 5.30769, 46.41682 ], [ 5.31056, 46.44677 ], [ 5.21506, 46.46836 ], [ 5.20114, 46.50821 ], [ 5.14195, 46.50836 ], [ 5.05237, 46.48487 ], [ 5.01101, 46.51029 ], [ 4.94002, 46.5172 ], [ 4.89182, 46.43992 ], [ 4.88821, 46.40298 ], [ 4.85145, 46.35627 ], [ 4.85342, 46.3299 ], [ 4.811, 46.25992 ], [ 4.78021, 46.17668 ] ] ] ] } },
{ "type": "Feature", "properties": { "nom": "Aveyron", "code": "12", "is_drom": false }, "geometry": { "type": "MultiPolygon", "coordinates": [ [ [ [ 2.98168, 44.64467 ], [ 2.94873, 44.67298 ], [ 2.92327, 44.72864 ], [ 2.93452, 44.7792 ], [ 2.87957, 44.80301 ], [ 2.84965, 44.87149 ], [ 2.80196, 44.87363 ], [ 2.73826, 44.94122 ], [ 2.70643, 44.90722 ], [ 2.60268, 44.84316 ], [ 2.59936, 44.79281 ], [ 2.56271, 44.77576 ], [ 2.55612, 44.72128 ], [ 2.49892, 44.68702 ], [ 2.48319, 44.65034 ], [ 2.435, 44.63887 ], [ 2.32679, 44.66969 ], [ 2.20842, 44.64384 ], [ 2.20747, 44.61553 ], [ 2.19361, 44.58591 ], [ 2.15381, 44.5719 ], [ 2.05737, 44.58291 ], [ 1.98855, 44.55118 ], [ 1.93146, 44.5064 ], [ 1.8396, 44.4759 ], [ 1.87103, 44.39775 ], [ 1.90685, 44.36487 ], [ 1.88208, 44.34007 ], [ 1.85959, 44.32031 ], [ 1.90139, 44.27912 ], [ 1.97044, 44.27644 ], [ 1.9022, 44.20432 ], [ 1.91109, 44.18564 ], [ 1.97668, 44.17992 ], [ 1.99017, 44.14945 ], [ 2.10612, 44.19439 ], [ 2.15247, 44.19772 ], [ 2.29783, 44.13805 ], [ 2.38921, 44.09349 ], [ 2.41021, 44.05585 ], [ 2.45993, 44.0514 ], [ 2.52293, 43.98128 ], [ 2.49935, 43.95058 ], [ 2.555, 43.92138 ], [ 2.57669, 43.88172 ], [ 2.56416, 43.84133 ], [ 2.62921, 43.78034 ], [ 2.6813, 43.74397 ], [ 2.74284, 43.72904 ], [ 2.81367, 43.76172 ], [ 2.86968, 43.7404 ], [ 2.92111, 43.73611 ], [ 2.93546, 43.69467 ], [ 2.98535, 43.70852 ], [ 3.06075, 43.69307 ], [ 3.05306, 43.74619 ], [ 3.07589, 43.76852 ], [ 3.04941, 43.80383 ], [ 3.08714, 43.83557 ], [ 3.12919, 43.81694 ], [ 3.20311, 43.81387 ], [ 3.24904, 43.82958 ], [ 3.23446, 43.85756 ], [ 3.27507, 43.89835 ], [ 3.32005, 43.89101 ], [ 3.35836, 43.91383 ], [ 3.35597, 43.94617 ], [ 3.40549, 43.97027 ], [ 3.45076, 44.02079 ], [ 3.39014, 44.0535 ], [ 3.35184, 44.0502 ], [ 3.32891, 44.07903 ], [ 3.29059, 44.07171 ], [ 3.26283, 44.09404 ], [ 3.3244, 44.11534 ], [ 3.33606, 44.15867 ], [ 3.37365, 44.17076 ], [ 3.3578, 44.19791 ], [ 3.29501, 44.20694 ], [ 3.20661, 44.18993 ], [ 3.22985, 44.22625 ], [ 3.12523, 44.28446 ], [ 3.15426, 44.30837 ], [ 3.11972, 44.38338 ], [ 3.14173, 44.42846 ], [ 3.13574, 44.45487 ], [ 3.06854, 44.50349 ], [ 3.08359, 44.55902 ], [ 2.98168, 44.64467 ] ] ] ] } },
{ "type": "Feature", "properties": { "nom": "Bouches-du-Rhône", "code": "13", "is_drom": false }, "geometry": { "type": "MultiPolygon", "coordinates": [ [ [ [ 4.73906, 43.92406 ], [ 4.69055, 43.8839 ], [ 4.64191, 43.86748 ], [ 4.65483, 43.80641 ], [ 4.61304, 43.7143 ], [ 4.59303, 43.68746 ], [ 4.53985, 43.70728 ], [ 4.48723, 43.69924 ], [ 4.42703, 43.62067 ], [ 4.40935, 43.56113 ], [ 4.35364, 43.54739 ], [ 4.29769, 43.51533 ], [ 4.2381, 43.49763 ], [ 4.23028, 43.46018 ], [ 4.38204, 43.45227 ], [ 4.46527, 43.45715 ], [ 4.55492, 43.44621 ], [ 4.5881, 43.42271 ], [ 4.5628, 43.37213 ], [ 4.66178, 43.34641 ], [ 4.75959, 43.34994 ], [ 4.85504, 43.33262 ], [ 4.8737, 43.36085 ], [ 4.86685, 43.40468 ], [ 4.93138, 43.43316 ], [ 4.96771, 43.4261 ], [ 5.04104, 43.32728 ], [ 5.24059, 43.33171 ], [ 5.31103, 43.36088 ], [ 5.36205, 43.32196 ], [ 5.34568, 43.28237 ], [ 5.37252, 43.24508 ], [ 5.36365, 43.20712 ], [ 5.44619, 43.21023 ], [ 5.50029, 43.19679 ], [ 5.53693, 43.21449 ], [ 5.5715, 43.17356 ], [ 5.60089, 43.16255 ], [ 5.63832, 43.18917 ], [ 5.67188, 43.17927 ], [ 5.68391, 43.23605 ], [ 5.76093, 43.26734 ], [ 5.68279, 43.39916 ], [ 5.72443, 43.40887 ], [ 5.75185, 43.4343 ], [ 5.69881, 43.48217 ], [ 5.72462, 43.5509 ], [ 5.68214, 43.61374 ], [ 5.70022, 43.64172 ], [ 5.79906, 43.66052 ], [ 5.81325, 43.68896 ], [ 5.75364, 43.72462 ], [ 5.71735, 43.69353 ], [ 5.67408, 43.69355 ], [ 5.60694, 43.65869 ], [ 5.53145, 43.65901 ], [ 5.43924, 43.68111 ], [ 5.3185, 43.73502 ], [ 5.22999, 43.74767 ], [ 5.18798, 43.7351 ], [ 5.05149, 43.78788 ], [ 5.02953, 43.8278 ], [ 4.9663, 43.87165 ], [ 4.85309, 43.91138 ], [ 4.73906, 43.92406 ] ], [ [ 5.01783, 43.46932 ], [ 4.99855, 43.49811 ], [ 5.01546, 43.52972 ], [ 5.10866, 43.5255 ], [ 5.14969, 43.45703 ], [ 5.20279, 43.49117 ], [ 5.23014, 43.46508 ], [ 5.13727, 43.40019 ], [ 5.07039, 43.4002 ], [ 5.05188, 43.46356 ], [ 5.01783, 43.46932 ] ] ] ] } },
{ "type": "Feature", "properties": { "nom": "Charente", "code": "16", "is_drom": false }, "geometry": { "type": "MultiPolygon", "coordinates": [ [ [ [ -0.10294, 45.96966 ], [ -0.08645, 45.94999 ], [ -0.13166, 45.91102 ], [ -0.1154, 45.87066 ], [ -0.15309, 45.79574 ], [ -0.22175, 45.77574 ], [ -0.27312, 45.80656 ], [ -0.32129, 45.7845 ], [ -0.44882, 45.76593 ], [ -0.41583, 45.74167 ], [ -0.42213, 45.70947 ], [ -0.40893, 45.65618 ], [ -0.37592, 45.60892 ], [ -0.29672, 45.5645 ], [ -0.32162, 45.53496 ], [ -0.26615, 45.52506 ], [ -0.24615, 45.49164 ], [ -0.26743, 45.45568 ], [ -0.24976, 45.40875 ], [ -0.3098, 45.37372 ], [ -0.2809, 45.35987 ], [ -0.28385, 45.30995 ], [ -0.2267, 45.32143 ], [ -0.10878, 45.28895 ], [ -0.11538, 45.24807 ], [ -0.04417, 45.24789 ], [ 0.00582, 45.22141 ], [ 0.00434, 45.19163 ], [ 0.05343, 45.22685 ], [ 0.09619, 45.22786 ], [ 0.12773, 45.20911 ], [ 0.20485, 45.26401 ], [ 0.22003, 45.28981 ], [ 0.2666, 45.29775 ], [ 0.24933, 45.36305 ], [ 0.27061, 45.42041 ], [ 0.30785, 45.46087 ], [ 0.35653, 45.46548 ], [ 0.43279, 45.50246 ], [ 0.46574, 45.53962 ], [ 0.49626, 45.54449 ], [ 0.51559, 45.60038 ], [ 0.49965, 45.61726 ], [ 0.6007, 45.67214 ], [ 0.62974, 45.71457 ], [ 0.65252, 45.74047 ], [ 0.71489, 45.76312 ], [ 0.71643, 45.80562 ], [ 0.78389, 45.79168 ], [ 0.78223, 45.82108 ], [ 0.82738, 45.88275 ], [ 0.81211, 45.93127 ], [ 0.86291, 45.91975 ], [ 0.9426, 45.95744 ], [ 0.92562, 46.01045 ], [ 0.86703, 46.01843 ], [ 0.81791, 46.04788 ], [ 0.83369, 46.10636 ], [ 0.82343, 46.12858 ], [ 0.74691, 46.13857 ], [ 0.68406, 46.11934 ], [ 0.68745, 46.09725 ], [ 0.53998, 46.08556 ], [ 0.50641, 46.13195 ], [ 0.4723, 46.13013 ], [ 0.44326, 46.10157 ], [ 0.47596, 46.0827 ], [ 0.44508, 46.0508 ], [ 0.40266, 46.06268 ], [ 0.27981, 46.06097 ], [ 0.19735, 46.09555 ], [ 0.13569, 46.10405 ], [ 0.07297, 46.0939 ], [ 0.01927, 46.05285 ], [ -0.03199, 46.05592 ], [ -0.04143, 45.99348 ], [ -0.10294, 45.96966 ] ] ] ] } },
{ "type": "Feature", "properties": { "nom": "Cher", "code": "18", "is_drom": false }, "geometry": { "type": "MultiPolygon", "coordinates": [ [ [ [ 2.23921, 47.62098 ], [ 2.12797, 47.58469 ], [ 2.13126, 47.55027 ], [ 2.19564, 47.54857 ], [ 2.23822, 47.47234 ], [ 2.2437, 47.41482 ], [ 2.20522, 47.40525 ], [ 2.1889, 47.43779 ], [ 2.10169, 47.38678 ], [ 2.13473, 47.32117 ], [ 2.13899, 47.28549 ], [ 2.0792, 47.28535 ], [ 1.99704, 47.26544 ], [ 1.94082, 47.29013 ], [ 1.90407, 47.21565 ], [ 1.83908, 47.2193 ], [ 1.8421, 47.17803 ], [ 1.77459, 47.13085 ], [ 1.88272, 47.10195 ], [ 1.96642, 47.12542 ], [ 2.04837, 47.10602 ], [ 2.05149, 47.04002 ], [ 2.09338, 47.01573 ], [ 2.08825, 46.96044 ], [ 2.0707, 46.934 ], [ 2.11032, 46.91326 ], [ 2.12621, 46.87987 ], [ 2.08708, 46.86753 ], [ 2.0488, 46.82945 ], [ 2.11536, 46.77436 ], [ 2.06576, 46.7425 ], [ 2.14072, 46.69555 ], [ 2.14313, 46.66353 ], [ 2.17945, 46.64253 ], [ 2.18563, 46.60286 ], [ 2.1587, 46.55734 ], [ 2.20439, 46.4844 ], [ 2.15167, 46.45796 ], [ 2.16778, 46.42407 ], [ 2.28104, 46.4204 ], [ 2.28576, 46.45351 ], [ 2.352, 46.51221 ], [ 2.48293, 46.53269 ], [ 2.53665, 46.5197 ], [ 2.61496, 46.55328 ], [ 2.59665, 46.63722 ], [ 2.67779, 46.70461 ], [ 2.70497, 46.73939 ], [ 2.77449, 46.7189 ], [ 2.82762, 46.73529 ], [ 2.95992, 46.80387 ], [ 3.03206, 46.79491 ], [ 3.05935, 46.82726 ], [ 3.0681, 46.87768 ], [ 3.0503, 46.91063 ], [ 3.07933, 46.95512 ], [ 3.06293, 46.98109 ], [ 3.07574, 47.01915 ], [ 3.02322, 47.06261 ], [ 3.02809, 47.12906 ], [ 2.98169, 47.22199 ], [ 2.9834, 47.25977 ], [ 2.90777, 47.31099 ], [ 2.87349, 47.3484 ], [ 2.91845, 47.40552 ], [ 2.9289, 47.44456 ], [ 2.87463, 47.52042 ], [ 2.80648, 47.49446 ], [ 2.76803, 47.52352 ], [ 2.72227, 47.52137 ], [ 2.71936, 47.49217 ], [ 2.65846, 47.4879 ], [ 2.61201, 47.52638 ], [ 2.5999, 47.55369 ], [ 2.54108, 47.57407 ], [ 2.49136, 47.5683 ], [ 2.43734, 47.60978 ], [ 2.37302, 47.58553 ], [ 2.28623, 47.62897 ], [ 2.23921, 47.62098 ] ] ] ] } },
{ "type": "Feature", "properties": { "nom": "Haute-Corse", "code": "2B", "is_drom": false }, "geometry": { "type": "MultiPolygon", "coordinates": [ [ [ [ 9.40227, 41.8587 ], [ 9.41257, 41.95248 ], [ 9.54998, 42.10417 ], [ 9.55883, 42.28526 ], [ 9.53267, 42.37997 ], [ 9.5434, 42.42849 ], [ 9.53123, 42.48442 ], [ 9.5332, 42.54595 ], [ 9.51622, 42.58301 ], [ 9.44919, 42.66224 ], [ 9.44639, 42.68613 ], [ 9.47208, 42.77053 ], [ 9.49239, 42.8051 ], [ 9.47307, 42.87413 ], [ 9.46356, 42.9864 ], [ 9.42176, 43.01172 ], [ 9.34087, 42.99446 ], [ 9.3586, 42.94634 ], [ 9.35382, 42.91623 ], [ 9.32222, 42.89963 ], [ 9.34015, 42.86549 ], [ 9.31102, 42.83468 ], [ 9.34256, 42.7948 ], [ 9.34448, 42.73781 ], [ 9.29332, 42.67431 ], [ 9.25445, 42.71852 ], [ 9.16689, 42.73656 ], [ 9.08576, 42.71461 ], [ 9.02069, 42.64427 ], [ 8.88653, 42.62897 ], [ 8.86497, 42.608 ], [ 8.80893, 42.59906 ], [ 8.8041, 42.56986 ], [ 8.66651, 42.51522 ], [ 8.67479, 42.47624 ], [ 8.65523, 42.41573 ], [ 8.60842, 42.41682 ], [ 8.60884, 42.38638 ], [ 8.57341, 42.3814 ], [ 8.6408, 42.37344 ], [ 8.81956, 42.31756 ], [ 8.86272, 42.29694 ], [ 8.90477, 42.25386 ], [ 8.97304, 42.23259 ], [ 9.0065, 42.20885 ], [ 9.04566, 42.20692 ], [ 9.07218, 42.13022 ], [ 9.11974, 42.10777 ], [ 9.13531, 42.05107 ], [ 9.16082, 42.02602 ], [ 9.22109, 42.0276 ], [ 9.21523, 41.99363 ], [ 9.22958, 41.91635 ], [ 9.25221, 41.89899 ], [ 9.2275, 41.85559 ], [ 9.2707, 41.84059 ], [ 9.32921, 41.83682 ], [ 9.3719, 41.865 ], [ 9.40227, 41.8587 ] ] ] ] } },
{ "type": "Feature", "properties": { "nom": "Côte-d'Or", "code": "21", "is_drom": false }, "geometry": { "type": "MultiPolygon", "coordinates": [ [ [ [ 4.11597, 47.12334 ], [ 4.17958, 47.12546 ], [ 4.1819, 47.15051 ], [ 4.11597, 47.12334 ] ] ], [ [ [ 4.29342, 47.92567 ], [ 4.26857, 47.88837 ], [ 4.261, 47.84385 ], [ 4.3244, 47.84716 ], [ 4.33247, 47.75651 ], [ 4.25817, 47.7274 ], [ 4.26843, 47.68141 ], [ 4.21238, 47.62797 ], [ 4.17513, 47.55326 ], [ 4.11551, 47.51501 ], [ 4.11942, 47.44355 ], [ 4.06606, 47.40725 ], [ 4.10608, 47.33926 ], [ 4.11643, 47.27638 ], [ 4.13548, 47.2374 ], [ 4.17805, 47.25029 ], [ 4.23066, 47.19895 ], [ 4.20983, 47.15541 ], [ 4.25961, 47.11432 ], [ 4.40549, 47.08165 ], [ 4.40628, 47.05 ], [ 4.49369, 47.02837 ], [ 4.62323, 46.94082 ], [ 4.72813, 46.91937 ], [ 5.04931, 46.98158 ], [ 5.10628, 46.95576 ], [ 5.2122, 46.98014 ], [ 5.25523, 46.97989 ], [ 5.31006, 47.01802 ], [ 5.28292, 47.04524 ], [ 5.32219, 47.07298 ], [ 5.38602, 47.08198 ], [ 5.40871, 47.12607 ], [ 5.43998, 47.1444 ], [ 5.47663, 47.21602 ], [ 5.48828, 47.28935 ], [ 5.51854, 47.30418 ], [ 5.49279, 47.33208 ], [ 5.49695, 47.39012 ], [ 5.45139, 47.38406 ], [ 5.39921, 47.49901 ], [ 5.44706, 47.49625 ], [ 5.49686, 47.54415 ], [ 5.47754, 47.60872 ], [ 5.42586, 47.63211 ], [ 5.37408, 47.60454 ], [ 5.29984, 47.60493 ], [ 5.25292, 47.57695 ], [ 5.23923, 47.61613 ], [ 5.1736, 47.65256 ], [ 5.10887, 47.64969 ], [ 5.04358, 47.67651 ], [ 5.02627, 47.70949 ], [ 4.97911, 47.68776 ], [ 4.94961, 47.76501 ], [ 4.9824, 47.80035 ], [ 4.9541, 47.86677 ], [ 4.90185, 47.92128 ], [ 4.85205, 47.95624 ], [ 4.78652, 47.9642 ], [ 4.78908, 48.00783 ], [ 4.70423, 48.02024 ], [ 4.67323, 48.01506 ], [ 4.58267, 48.02946 ], [ 4.53582, 48.00121 ], [ 4.55996, 47.97142 ], [ 4.449, 47.95715 ], [ 4.41435, 47.96821 ], [ 4.309, 47.96117 ], [ 4.29342, 47.92567 ] ] ] ] } },
{ "type": "Feature", "properties": { "nom": "Drôme", "code": "26", "is_drom": false }, "geometry": { "type": "MultiPolygon", "coordinates": [ [ [ [ 4.80049, 45.29836 ], [ 4.81247, 45.16448 ], [ 4.80446, 45.13319 ], [ 4.82736, 45.10215 ], [ 4.83767, 45.00479 ], [ 4.88659, 44.93665 ], [ 4.8579, 44.90316 ], [ 4.85946, 44.87175 ], [ 4.82252, 44.81709 ], [ 4.76622, 44.77862 ], [ 4.76285, 44.72009 ], [ 4.77907, 44.6547 ], [ 4.74041, 44.60239 ], [ 4.71027, 44.58155 ], [ 4.69364, 44.54223 ], [ 4.69865, 44.45231 ], [ 4.66737, 44.43067 ], [ 4.64895, 44.37246 ], [ 4.65061, 44.3298 ], [ 4.67903, 44.32049 ], [ 4.76225, 44.32538 ], [ 4.80288, 44.29659 ], [ 4.81409, 44.23231 ], [ 4.87376, 44.25926 ], [ 4.93549, 44.26431 ], [ 5.06056, 44.30814 ], [ 5.07651, 44.28408 ], [ 5.14973, 44.28209 ], [ 5.1549, 44.23094 ], [ 5.23815, 44.21323 ], [ 5.2565, 44.23006 ], [ 5.30371, 44.20601 ], [ 5.35404, 44.21343 ], [ 5.38453, 44.20105 ], [ 5.38324, 44.15528 ], [ 5.43575, 44.15225 ], [ 5.45472, 44.11923 ], [ 5.49879, 44.11572 ], [ 5.54398, 44.13639 ], [ 5.57619, 44.18804 ], [ 5.63959, 44.16758 ], [ 5.67604, 44.19143 ], [ 5.68656, 44.26692 ], [ 5.64678, 44.26709 ], [ 5.6316, 44.32831 ], [ 5.51354, 44.34749 ], [ 5.49307, 44.33717 ], [ 5.41853, 44.42494 ], [ 5.46443, 44.44789 ], [ 5.46358, 44.48051 ], [ 5.51334, 44.49113 ], [ 5.60364, 44.46554 ], [ 5.6308, 44.5316 ], [ 5.59725, 44.54327 ], [ 5.64963, 44.61788 ], [ 5.64172, 44.65108 ], [ 5.72603, 44.63939 ], [ 5.75394, 44.66271 ], [ 5.79062, 44.65329 ], [ 5.82711, 44.70029 ], [ 5.80147, 44.70678 ], [ 5.75904, 44.69607 ], [ 5.69879, 44.72207 ], [ 5.6471, 44.7241 ], [ 5.62709, 44.75246 ], [ 5.46416, 44.79242 ], [ 5.48365, 44.92229 ], [ 5.48361, 45.02279 ], [ 5.44979, 45.07079 ], [ 5.38839, 45.03614 ], [ 5.29187, 45.06393 ], [ 5.24834, 45.06093 ], [ 5.17938, 45.08331 ], [ 5.18857, 45.17126 ], [ 5.16488, 45.19845 ], [ 5.17655, 45.2484 ], [ 5.12143, 45.24833 ], [ 5.13135, 45.28653 ], [ 5.07541, 45.28183 ], [ 5.05432, 45.31905 ], [ 4.98919, 45.34404 ], [ 4.88024, 45.29746 ], [ 4.8588, 45.30895 ], [ 4.80049, 45.29836 ] ], [ [ 4.88812, 44.33169 ], [ 4.91851, 44.40779 ], [ 4.97044, 44.43137 ], [ 5.01575, 44.39277 ], [ 5.02701, 44.36284 ], [ 5.01338, 44.32614 ], [ 4.97858, 44.29746 ], [ 4.92215, 44.30879 ], [ 4.88812, 44.33169 ] ] ] ] } },
{ "type": "Feature", "properties": { "nom": "Haute-Garonne", "code": "31", "is_drom": false }, "geometry": { "type": "MultiPolygon", "coordinates": [ [ [ [ 0.95398, 43.78737 ], [ 1.02216, 43.72073 ], [ 1.06415, 43.70277 ], [ 1.05099, 43.67782 ], [ 1.0877, 43.64498 ], [ 1.14754, 43.63418 ], [ 1.20133, 43.59481 ], [ 1.09709, 43.53323 ], [ 1.01818, 43.47334 ], [ 1.04168, 43.46063 ], [ 0.99379, 43.40799 ], [ 0.97809, 43.36265 ], [ 0.91725, 43.40633 ], [ 0.82054, 43.41698 ], [ 0.80629, 43.39998 ], [ 0.7176, 43.37663 ], [ 0.65594, 43.31721 ], [ 0.60681, 43.31088 ], [ 0.61628, 43.28904 ], [ 0.55157, 43.2361 ], [ 0.55188, 43.20914 ], [ 0.44199, 43.13127 ], [ 0.53226, 43.09386 ], [ 0.55733, 43.0664 ], [ 0.56301, 43.01747 ], [ 0.60825, 43.03356 ], [ 0.62742, 43.0001 ], [ 0.57594, 42.87083 ], [ 0.53695, 42.86251 ], [ 0.4773, 42.8781 ], [ 0.4589, 42.82814 ], [ 0.4551, 42.72806 ], [ 0.47775, 42.69999 ], [ 0.60764, 42.69906 ], [ 0.67058, 42.68989 ], [ 0.68226, 42.70897 ], [ 0.64454, 42.78308 ], [ 0.66969, 42.8021 ], [ 0.65902, 42.83853 ], [ 0.70838, 42.8614 ], [ 0.76764, 42.83898 ], [ 0.8583, 42.82572 ], [ 0.83242, 42.91999 ], [ 0.87604, 42.92691 ], [ 0.87492, 42.95778 ], [ 0.9791, 42.97443 ], [ 1.00705, 43.00759 ], [ 0.98674, 43.0275 ], [ 0.98517, 43.06705 ], [ 1.03884, 43.10055 ], [ 1.05892, 43.14183 ], [ 1.08798, 43.13382 ], [ 1.12408, 43.15691 ], [ 1.20873, 43.11795 ], [ 1.22363, 43.08606 ], [ 1.29145, 43.12411 ], [ 1.26893, 43.14654 ], [ 1.21895, 43.15317 ], [ 1.22748, 43.1839 ], [ 1.27407, 43.19623 ], [ 1.3146, 43.18999 ], [ 1.37438, 43.21374 ], [ 1.37515, 43.23779 ], [ 1.33188, 43.24884 ], [ 1.29331, 43.28534 ], [ 1.34365, 43.3156 ], [ 1.42536, 43.25657 ], [ 1.41761, 43.22784 ], [ 1.46372, 43.2106 ], [ 1.54752, 43.27568 ], [ 1.63721, 43.25512 ], [ 1.68842, 43.27355 ], [ 1.74773, 43.34374 ], [ 1.81342, 43.34141 ], [ 1.80408, 43.39169 ], [ 1.85874, 43.44382 ], [ 1.9101, 43.40406 ], [ 1.95639, 43.42542 ], [ 1.98829, 43.40761 ], [ 2.02913, 43.4369 ], [ 2.01814, 43.47035 ], [ 1.91695, 43.50161 ], [ 1.88261, 43.52093 ], [ 1.8248, 43.58083 ], [ 1.77945, 43.58698 ], [ 1.68778, 43.6307 ], [ 1.73087, 43.65775 ], [ 1.70645, 43.71622 ], [ 1.66042, 43.74183 ], [ 1.64478, 43.80025 ], [ 1.59103, 43.81549 ], [ 1.59317, 43.84314 ], [ 1.55547, 43.86831 ], [ 1.55562, 43.91832 ], [ 1.44788, 43.87355 ], [ 1.35681, 43.88419 ], [ 1.36089, 43.82108 ], [ 1.2192, 43.77078 ], [ 1.1446, 43.82229 ], [ 1.11488, 43.79777 ], [ 1.08527, 43.81451 ], [ 0.95398, 43.78737 ] ] ] ] } },
{ "type": "Feature", "properties": { "nom": "Gers", "code": "32", "is_drom": false }, "geometry": { "type": "MultiPolygon", "coordinates": [ [ [ [ 0.07604, 43.98314 ], [ 0.05531, 43.95796 ], [ 0.07664, 43.91647 ], [ 0.03255, 43.90019 ], [ -0.01536, 43.93415 ], [ 0.00144, 43.95989 ], [ -0.03616, 43.98374 ], [ -0.0736, 43.94505 ], [ -0.17911, 43.93792 ], [ -0.23394, 43.89107 ], [ -0.19099, 43.87518 ], [ -0.19246, 43.81018 ], [ -0.22714, 43.80827 ], [ -0.19414, 43.73702 ], [ -0.23258, 43.71409 ], [ -0.2472, 43.61595 ], [ -0.24283, 43.58498 ], [ -0.17642, 43.5964 ], [ -0.09679, 43.5824 ], [ -0.07397, 43.60631 ], [ -0.01578, 43.60465 ], [ -0.00193, 43.56554 ], [ 0.05608, 43.5188 ], [ 0.11213, 43.51737 ], [ 0.13798, 43.43292 ], [ 0.18203, 43.37118 ], [ 0.23258, 43.36777 ], [ 0.27725, 43.38579 ], [ 0.32769, 43.37095 ], [ 0.33184, 43.34316 ], [ 0.38834, 43.35621 ], [ 0.39533, 43.33454 ], [ 0.44303, 43.32793 ], [ 0.54745, 43.32932 ], [ 0.60681, 43.31088 ], [ 0.65594, 43.31721 ], [ 0.7176, 43.37663 ], [ 0.80629, 43.39998 ], [ 0.82054, 43.41698 ], [ 0.91725, 43.40633 ], [ 0.97809, 43.36265 ], [ 0.99379, 43.40799 ], [ 1.04168, 43.46063 ], [ 1.01818, 43.47334 ], [ 1.09709, 43.53323 ], [ 1.20133, 43.59481 ], [ 1.14754, 43.63418 ], [ 1.0877, 43.64498 ], [ 1.05099, 43.67782 ], [ 1.06415, 43.70277 ], [ 1.02216, 43.72073 ], [ 0.95398, 43.78737 ], [ 0.90616, 43.78433 ], [ 0.89943, 43.8647 ], [ 0.8629, 43.92329 ], [ 0.76008, 43.94224 ], [ 0.8277, 43.99958 ], [ 0.86041, 44.04079 ], [ 0.82735, 44.05525 ], [ 0.77578, 44.03591 ], [ 0.74188, 44.0652 ], [ 0.7078, 44.05802 ], [ 0.6666, 44.02514 ], [ 0.59798, 44.07822 ], [ 0.53902, 44.05372 ], [ 0.45952, 44.05523 ], [ 0.44244, 44.02876 ], [ 0.35757, 44.01638 ], [ 0.30409, 43.99306 ], [ 0.18957, 44.01464 ], [ 0.16676, 43.99683 ], [ 0.07604, 43.98314 ] ] ] ] } },
{ "type": "Feature", "properties": { "nom": "Hérault", "code": "34", "is_drom": false }, "geometry": { "type": "MultiPolygon", "coordinates": [ [ [ [ 3.35836, 43.91383 ], [ 3.32005, 43.89101 ], [ 3.27507, 43.89835 ], [ 3.23446, 43.85756 ], [ 3.24904, 43.82958 ], [ 3.20311, 43.81387 ], [ 3.12919, 43.81694 ], [ 3.08714, 43.83557 ], [ 3.04941, 43.80383 ], [ 3.07589, 43.76852 ], [ 3.05306, 43.74619 ], [ 3.06075, 43.69307 ], [ 2.98535, 43.70852 ], [ 2.93546, 43.69467 ], [ 2.91599, 43.66002 ], [ 2.81592, 43.64006 ], [ 2.75452, 43.61414 ], [ 2.71117, 43.6456 ], [ 2.64326, 43.65014 ], [ 2.61464, 43.59986 ], [ 2.6156, 43.56664 ], [ 2.65865, 43.52579 ], [ 2.65954, 43.48017 ], [ 2.60608, 43.4311 ], [ 2.56578, 43.42296 ], [ 2.53997, 43.34622 ], [ 2.58904, 43.3287 ], [ 2.60161, 43.29871 ], [ 2.65906, 43.29297 ], [ 2.77225, 43.25779 ], [ 2.79179, 43.29301 ], [ 2.83276, 43.32241 ], [ 2.92125, 43.32609 ], [ 2.94504, 43.3125 ], [ 3.00435, 43.32013 ], [ 3.00474, 43.28853 ], [ 3.14721, 43.247 ], [ 3.20102, 43.24917 ], [ 3.24056, 43.2128 ], [ 3.34386, 43.27039 ], [ 3.43033, 43.29021 ], [ 3.51096, 43.27333 ], [ 3.60262, 43.35543 ], [ 3.66216, 43.39228 ], [ 3.79667, 43.44104 ], [ 3.84962, 43.48536 ], [ 3.90714, 43.51685 ], [ 4.01118, 43.55245 ], [ 4.10104, 43.55437 ], [ 4.11446, 43.5873 ], [ 4.15021, 43.58556 ], [ 4.19445, 43.65431 ], [ 4.16357, 43.68654 ], [ 4.14478, 43.73389 ], [ 4.00204, 43.81147 ], [ 3.97935, 43.84288 ], [ 3.9221, 43.85838 ], [ 3.91739, 43.88559 ], [ 3.8308, 43.86642 ], [ 3.79954, 43.89082 ], [ 3.8249, 43.9193 ], [ 3.78733, 43.96687 ], [ 3.72699, 43.96901 ], [ 3.68223, 43.94686 ], [ 3.67246, 43.9116 ], [ 3.62359, 43.91697 ], [ 3.57545, 43.86552 ], [ 3.5307, 43.85562 ], [ 3.51334, 43.8962 ], [ 3.47939, 43.88831 ], [ 3.42445, 43.9116 ], [ 3.35836, 43.91383 ] ] ] ] } },
{ "type": "Feature", "properties": { "nom": "Haute-Loire", "code": "43", "is_drom": false }, "geometry": { "type": "MultiPolygon", "coordinates": [ [ [ [ 3.89741, 45.35708 ], [ 3.85695, 45.35932 ], [ 3.80831, 45.39161 ], [ 3.77226, 45.34919 ], [ 3.66722, 45.3762 ], [ 3.62584, 45.33835 ], [ 3.59034, 45.35722 ], [ 3.56308, 45.39491 ], [ 3.52091, 45.40241 ], [ 3.50132, 45.42758 ], [ 3.45675, 45.40028 ], [ 3.29069, 45.40182 ], [ 3.16806, 45.35226 ], [ 3.1035, 45.35437 ], [ 3.118, 45.28419 ], [ 3.16776, 45.27017 ], [ 3.22246, 45.27197 ], [ 3.23957, 45.21695 ], [ 3.28803, 45.12042 ], [ 3.32579, 45.09514 ], [ 3.29725, 45.03608 ], [ 3.34719, 45.01423 ], [ 3.36135, 44.97141 ], [ 3.41283, 44.94484 ], [ 3.41798, 44.90077 ], [ 3.47577, 44.81537 ], [ 3.58936, 44.83219 ], [ 3.59433, 44.87543 ], [ 3.65952, 44.86994 ], [ 3.66636, 44.82878 ], [ 3.74065, 44.8387 ], [ 3.80323, 44.78158 ], [ 3.86253, 44.74387 ], [ 3.89658, 44.75601 ], [ 3.937, 44.79542 ], [ 4.02838, 44.83408 ], [ 4.03963, 44.87316 ], [ 4.15616, 44.87333 ], [ 4.21585, 44.93272 ], [ 4.22171, 44.96134 ], [ 4.31167, 44.97178 ], [ 4.28982, 44.9973 ], [ 4.3753, 45.10483 ], [ 4.37656, 45.14436 ], [ 4.44326, 45.14083 ], [ 4.48036, 45.19533 ], [ 4.48313, 45.23645 ], [ 4.41857, 45.27542 ], [ 4.36255, 45.2644 ], [ 4.36654, 45.337 ], [ 4.3082, 45.37098 ], [ 4.27169, 45.35982 ], [ 4.24453, 45.38491 ], [ 4.17793, 45.3926 ], [ 4.07782, 45.35498 ], [ 4.02482, 45.34289 ], [ 3.97965, 45.37514 ], [ 3.89741, 45.35708 ] ] ] ] } },
{ "type": "Feature", "properties": { "nom": "Loire-Atlantique", "code": "44", "is_drom": false }, "geometry": { "type": "MultiPolygon", "coordinates": [ [ [ [ -1.14857, 47.02955 ], [ -1.11546, 47.06256 ], [ -1.17029, 47.09296 ], [ -1.23115, 47.10995 ], [ -1.23525, 47.13878 ], [ -1.16321, 47.17779 ], [ -1.19772, 47.25058 ], [ -1.25417, 47.24986 ], [ -1.30511, 47.30317 ], [ -1.29988, 47.33762 ], [ -1.18766, 47.35235 ], [ -1.16761, 47.36588 ], [ -1.07874, 47.37079 ], [ -1.01787, 47.36506 ], [ -0.94644, 47.38646 ], [ -0.96748, 47.4928 ], [ -1.039, 47.50526 ], [ -1.11188, 47.50117 ], [ -1.15724, 47.51008 ], [ -1.17242, 47.57301 ], [ -1.04591, 47.56335 ], [ -1.00686, 47.58906 ], [ -1.10065, 47.62068 ], [ -1.1382, 47.61946 ], [ -1.17493, 47.69457 ], [ -1.25458, 47.73364 ], [ -1.24589, 47.77672 ], [ -1.35287, 47.79769 ], [ -1.39043, 47.82828 ], [ -1.48181, 47.83189 ], [ -1.46692, 47.80978 ], [ -1.52806, 47.78584 ], [ -1.5934, 47.77605 ], [ -1.65482, 47.71259 ], [ -1.77242, 47.69845 ], [ -1.86402, 47.70698 ], [ -1.96906, 47.68837 ], [ -2.07473, 47.65166 ], [ -2.09703, 47.63136 ], [ -2.08692, 47.60278 ], [ -2.10733, 47.53105 ], [ -2.20667, 47.51004 ], [ -2.24428, 47.4936 ], [ -2.29912, 47.50048 ], [ -2.31286, 47.46447 ], [ -2.45849, 47.44812 ], [ -2.47267, 47.41608 ], [ -2.53411, 47.38296 ], [ -2.50678, 47.34139 ], [ -2.51381, 47.29838 ], [ -2.44754, 47.26176 ], [ -2.39838, 47.28145 ], [ -2.35529, 47.27181 ], [ -2.30164, 47.2364 ], [ -2.2699, 47.23956 ], [ -2.18736, 47.28062 ], [ -2.16999, 47.26847 ], [ -2.15837, 47.20905 ], [ -2.16706, 47.16618 ], [ -2.22613, 47.15228 ], [ -2.22682, 47.13094 ], [ -2.05348, 47.09412 ], [ -2.00472, 47.06146 ], [ -1.98041, 47.0289 ], [ -1.94323, 46.99471 ], [ -1.83099, 46.93204 ], [ -1.75107, 46.9296 ], [ -1.73106, 46.88797 ], [ -1.68976, 46.89049 ], [ -1.54851, 46.86008 ], [ -1.50077, 46.88389 ], [ -1.53091, 46.90945 ], [ -1.52005, 46.93904 ], [ -1.55357, 46.98151 ], [ -1.55232, 47.01835 ], [ -1.48213, 47.03786 ], [ -1.45613, 46.92627 ], [ -1.37299, 46.95218 ], [ -1.35906, 46.98114 ], [ -1.37862, 47.03085 ], [ -1.29464, 47.03948 ], [ -1.27121, 47.08389 ], [ -1.20278, 47.04181 ], [ -1.14857, 47.02955 ] ] ] ] } },
{ "type": "Feature", "properties": { "nom": "Lot", "code": "46", "is_drom": false }, "geometry": { "type": "MultiPolygon", "coordinates": [ [ [ [ 1.44826, 45.01931 ], [ 1.4133, 44.99938 ], [ 1.44235, 44.91655 ], [ 1.44193, 44.87758 ], [ 1.40194, 44.84945 ], [ 1.36141, 44.8408 ], [ 1.36411, 44.81157 ], [ 1.29964, 44.79692 ], [ 1.32282, 44.76513 ], [ 1.28778, 44.71478 ], [ 1.22455, 44.68427 ], [ 1.14668, 44.67035 ], [ 1.15379, 44.63941 ], [ 1.07514, 44.57733 ], [ 1.01317, 44.53613 ], [ 1.00902, 44.48004 ], [ 1.03333, 44.43222 ], [ 1.05748, 44.42767 ], [ 1.06408, 44.37851 ], [ 1.10793, 44.32741 ], [ 1.21706, 44.2769 ], [ 1.25002, 44.2729 ], [ 1.30364, 44.29378 ], [ 1.28138, 44.23579 ], [ 1.38037, 44.22486 ], [ 1.45356, 44.25412 ], [ 1.47322, 44.28421 ], [ 1.52053, 44.26327 ], [ 1.54176, 44.22781 ], [ 1.58725, 44.24901 ], [ 1.56914, 44.29839 ], [ 1.65162, 44.28681 ], [ 1.6995, 44.31382 ], [ 1.80598, 44.33663 ], [ 1.88208, 44.34007 ], [ 1.90685, 44.36487 ], [ 1.87103, 44.39775 ], [ 1.8396, 44.4759 ], [ 1.93146, 44.5064 ], [ 1.98855, 44.55118 ], [ 2.05737, 44.58291 ], [ 2.15381, 44.5719 ], [ 2.19361, 44.58591 ], [ 2.20747, 44.61553 ], [ 2.16942, 44.63807 ], [ 2.17915, 44.67445 ], [ 2.1553, 44.70024 ], [ 2.1535, 44.7531 ], [ 2.17164, 44.79003 ], [ 2.09421, 44.87201 ], [ 2.06291, 44.9765 ], [ 1.98536, 44.97445 ], [ 1.95577, 44.95832 ], [ 1.90816, 44.97842 ], [ 1.88741, 44.95656 ], [ 1.82391, 44.92768 ], [ 1.77493, 44.92372 ], [ 1.75062, 44.95496 ], [ 1.65098, 45.02501 ], [ 1.53572, 45.04628 ], [ 1.44826, 45.01931 ] ] ] ] } },
{ "type": "Feature", "properties": { "nom": "Maine-et-Loire", "code": "49", "is_drom": false }, "geometry": { "type": "MultiPolygon", "coordinates": [ [ [ [ -1.24589, 47.77672 ], [ -1.25458, 47.73364 ], [ -1.17493, 47.69457 ], [ -1.1382, 47.61946 ], [ -1.10065, 47.62068 ], [ -1.00686, 47.58906 ], [ -1.04591, 47.56335 ], [ -1.17242, 47.57301 ], [ -1.15724, 47.51008 ], [ -1.11188, 47.50117 ], [ -1.039, 47.50526 ], [ -0.96748, 47.4928 ], [ -0.94644, 47.38646 ], [ -1.01787, 47.36506 ], [ -1.07874, 47.37079 ], [ -1.16761, 47.36588 ], [ -1.18766, 47.35235 ], [ -1.29988, 47.33762 ], [ -1.30511, 47.30317 ], [ -1.25417, 47.24986 ], [ -1.19772, 47.25058 ], [ -1.16321, 47.17779 ], [ -1.23525, 47.13878 ], [ -1.23115, 47.10995 ], [ -1.17029, 47.09296 ], [ -1.11546, 47.06256 ], [ -1.14857, 47.02955 ], [ -1.0554, 47.00568 ], [ -0.93346, 47.00891 ], [ -0.89196, 46.97582 ], [ -0.77388, 47.00425 ], [ -0.71305, 46.98607 ], [ -0.67605, 47.00012 ], [ -0.61998, 46.99332 ], [ -0.56547, 47.01942 ], [ -0.55953, 47.06188 ], [ -0.49534, 47.08239 ], [ -0.40078, 47.07077 ], [ -0.24153, 47.10573 ], [ -0.18484, 47.10833 ], [ -0.12838, 47.05443 ], [ -0.10212, 47.0648 ], [ -0.08591, 47.10101 ], [ -0.04417, 47.09324 ], [ -0.01074, 47.15751 ], [ 0.05383, 47.16373 ], [ 0.0666, 47.1898 ], [ 0.07898, 47.28282 ], [ 0.14165, 47.36196 ], [ 0.15386, 47.39873 ], [ 0.18528, 47.42474 ], [ 0.18094, 47.4534 ], [ 0.22011, 47.50195 ], [ 0.2015, 47.54432 ], [ 0.23453, 47.57798 ], [ 0.23, 47.6084 ], [ 0.20177, 47.61058 ], [ 0.15161, 47.58153 ], [ 0.11569, 47.60573 ], [ 0.05166, 47.60651 ], [ -0.00451, 47.64769 ], [ -0.07183, 47.65801 ], [ -0.13504, 47.63252 ], [ -0.19315, 47.64792 ], [ -0.23306, 47.70756 ], [ -0.33407, 47.72116 ], [ -0.3817, 47.76057 ], [ -0.46042, 47.76509 ], [ -0.50966, 47.78604 ], [ -0.53286, 47.75082 ], [ -0.58478, 47.75835 ], [ -0.61082, 47.73569 ], [ -0.74171, 47.73811 ], [ -0.81607, 47.77122 ], [ -0.8393, 47.75228 ], [ -0.95203, 47.7965 ], [ -0.97866, 47.76199 ], [ -1.09991, 47.78197 ], [ -1.14263, 47.77444 ], [ -1.23825, 47.80999 ], [ -1.24589, 47.77672 ] ] ] ] } },
{ "type": "Feature", "properties": { "nom": "Manche", "code": "50", "is_drom": false }, "geometry": { "type": "MultiPolygon", "coordinates": [ [ [ [ -1.11962, 49.35557 ], [ -1.16395, 49.36666 ], [ -1.18253, 49.42402 ], [ -1.25838, 49.48641 ], [ -1.30636, 49.53893 ], [ -1.3042, 49.57368 ], [ -1.2296, 49.62465 ], [ -1.28784, 49.6926 ], [ -1.36957, 49.70689 ], [ -1.42116, 49.70371 ], [ -1.4858, 49.66932 ], [ -1.54158, 49.65411 ], [ -1.67839, 49.66123 ], [ -1.76268, 49.67868 ], [ -1.94225, 49.72556 ], [ -1.94618, 49.67434 ], [ -1.8603, 49.65019 ], [ -1.84103, 49.57173 ], [ -1.88569, 49.54039 ], [ -1.8526, 49.51039 ], [ -1.82677, 49.45291 ], [ -1.81983, 49.39048 ], [ -1.71117, 49.32509 ], [ -1.59885, 49.1692 ], [ -1.60941, 49.07928 ], [ -1.59379, 49.0225 ], [ -1.56071, 49.00148 ], [ -1.56435, 48.92158 ], [ -1.59415, 48.83472 ], [ -1.57444, 48.82168 ], [ -1.5744, 48.75185 ], [ -1.53193, 48.73102 ], [ -1.50495, 48.68741 ], [ -1.39319, 48.65052 ], [ -1.44916, 48.62342 ], [ -1.51565, 48.61825 ], [ -1.57109, 48.62644 ], [ -1.51892, 48.56659 ], [ -1.53329, 48.548 ], [ -1.48994, 48.48937 ], [ -1.42914, 48.46255 ], [ -1.37725, 48.45828 ], [ -1.32634, 48.49874 ], [ -1.2792, 48.50917 ], [ -1.27225, 48.53392 ], [ -1.20655, 48.54221 ], [ -1.14708, 48.5175 ], [ -1.07016, 48.50849 ], [ -1.004, 48.48917 ], [ -0.95637, 48.51662 ], [ -0.89625, 48.49508 ], [ -0.86036, 48.50146 ], [ -0.84767, 48.52113 ], [ -0.77417, 48.56268 ], [ -0.75262, 48.61762 ], [ -0.77336, 48.65747 ], [ -0.73732, 48.68667 ], [ -0.79895, 48.71019 ], [ -0.84094, 48.75222 ], [ -0.96706, 48.78608 ], [ -1.01024, 48.77401 ], [ -1.08947, 48.78152 ], [ -1.13262, 48.84885 ], [ -1.07118, 48.87029 ], [ -1.01374, 48.91596 ], [ -1.06648, 48.93011 ], [ -1.05653, 48.95844 ], [ -0.9999, 48.94985 ], [ -0.94273, 48.96771 ], [ -0.86909, 49.0679 ], [ -0.8866, 49.12943 ], [ -0.93145, 49.14558 ], [ -0.90088, 49.20297 ], [ -0.92058, 49.22107 ], [ -0.97546, 49.19216 ], [ -1.02267, 49.20339 ], [ -1.11342, 49.26133 ], [ -1.13954, 49.30987 ], [ -1.11962, 49.35557 ] ] ] ] } },
{ "type": "Feature", "properties": { "nom": "Morbihan", "code": "56", "is_drom": false }, "geometry": { "type": "MultiPolygon", "coordinates": [ [ [ [ -3.23544, 47.32381 ], [ -3.2172, 47.29347 ], [ -3.17627, 47.30037 ], [ -3.08655, 47.28307 ], [ -3.09312, 47.31513 ], [ -3.13965, 47.32984 ], [ -3.15586, 47.36108 ], [ -3.24877, 47.37958 ], [ -3.26356, 47.35226 ], [ -3.23544, 47.32381 ] ] ], [ [ [ -2.28727, 48.13374 ], [ -2.37136, 48.1221 ], [ -2.40891, 48.16861 ], [ -2.49482, 48.15784 ], [ -2.57478, 48.07041 ], [ -2.63119, 48.03548 ], [ -2.67005, 48.04788 ], [ -2.6523, 48.11932 ], [ -2.70383, 48.11288 ], [ -2.78195, 48.12058 ], [ -2.8104, 48.14655 ], [ -2.8508, 48.14117 ], [ -2.95366, 48.17084 ], [ -2.99999, 48.16169 ], [ -3.03354, 48.19936 ], [ -3.11637, 48.20636 ], [ -3.15525, 48.15849 ], [ -3.19252, 48.1644 ], [ -3.27224, 48.14002 ], [ -3.33675, 48.17112 ], [ -3.41701, 48.14589 ], [ -3.42148, 48.17191 ], [ -3.47953, 48.18604 ], [ -3.56484, 48.18575 ], [ -3.64926, 48.15798 ], [ -3.69584, 48.15221 ], [ -3.73214, 48.10909 ], [ -3.69502, 48.0935 ], [ -3.64024, 47.98524 ], [ -3.55528, 47.9931 ], [ -3.48481, 47.96689 ], [ -3.41989, 47.96981 ], [ -3.39262, 47.95445 ], [ -3.40344, 47.87011 ], [ -3.44918, 47.8619 ], [ -3.48838, 47.82369 ], [ -3.52301, 47.84915 ], [ -3.53591, 47.81644 ], [ -3.51738, 47.80504 ], [ -3.52993, 47.78247 ], [ -3.52096, 47.75767 ], [ -3.50022, 47.73147 ], [ -3.45276, 47.69534 ], [ -3.34422, 47.70836 ], [ -3.28786, 47.70096 ], [ -3.2709, 47.67887 ], [ -3.20813, 47.66342 ], [ -3.20976, 47.64069 ], [ -3.12326, 47.56951 ], [ -3.05197, 47.57794 ], [ -2.97518, 47.57607 ], [ -2.96071, 47.61464 ], [ -2.91471, 47.59108 ], [ -2.85115, 47.61902 ], [ -2.77858, 47.61915 ], [ -2.70195, 47.58992 ], [ -2.73053, 47.54249 ], [ -2.76568, 47.53635 ], [ -2.81362, 47.55298 ], [ -2.87156, 47.53218 ], [ -2.84946, 47.49871 ], [ -2.80021, 47.48727 ], [ -2.66433, 47.51864 ], [ -2.55617, 47.51284 ], [ -2.53713, 47.52568 ], [ -2.44122, 47.49624 ], [ -2.49914, 47.45754 ], [ -2.45849, 47.44812 ], [ -2.31286, 47.46447 ], [ -2.29912, 47.50048 ], [ -2.24428, 47.4936 ], [ -2.20667, 47.51004 ], [ -2.10733, 47.53105 ], [ -2.08692, 47.60278 ], [ -2.09703, 47.63136 ], [ -2.11435, 47.64948 ], [ -2.13147, 47.72224 ], [ -2.08971, 47.73856 ], [ -2.04953, 47.81692 ], [ -2.09016, 47.84376 ], [ -2.11631, 47.88096 ], [ -2.07909, 47.91953 ], [ -2.13687, 47.97912 ], [ -2.23959, 47.99947 ], [ -2.27959, 48.02636 ], [ -2.23324, 48.07563 ], [ -2.28727, 48.13374 ] ] ] ] } },
{ "type": "Feature", "properties": { "nom": "Nord", "code": "59", "is_drom": false }, "geometry": { "type": "MultiPolygon", "coordinates": [ [ [ [ 2.0677, 51.0065 ], [ 2.0976, 50.99843 ], [ 2.18391, 50.88345 ], [ 2.21343, 50.81055 ], [ 2.28858, 50.77703 ], [ 2.31432, 50.78271 ], [ 2.41148, 50.76673 ], [ 2.3409, 50.74091 ], [ 2.4078, 50.67276 ], [ 2.49595, 50.63124 ], [ 2.63052, 50.61795 ], [ 2.71385, 50.63129 ], [ 2.7574, 50.61824 ], [ 2.76905, 50.66368 ], [ 2.84045, 50.65656 ], [ 2.84243, 50.62905 ], [ 2.80516, 50.60327 ], [ 2.82598, 50.52539 ], [ 2.88697, 50.53766 ], [ 2.89895, 50.50155 ], [ 2.96472, 50.51277 ], [ 3.0208, 50.48177 ], [ 3.03767, 50.44164 ], [ 2.99307, 50.37984 ], [ 3.08431, 50.31119 ], [ 3.0178, 50.28458 ], [ 3.13368, 50.26623 ], [ 3.17338, 50.24111 ], [ 3.1314, 50.1994 ], [ 3.15613, 50.18372 ], [ 3.09576, 50.1242 ], [ 3.11413, 50.09216 ], [ 3.09025, 50.05374 ], [ 3.11756, 50.02767 ], [ 3.1727, 50.012 ], [ 3.23054, 50.03131 ], [ 3.28017, 50.01518 ], [ 3.33711, 50.0174 ], [ 3.35299, 50.03586 ], [ 3.49136, 50.01886 ], [ 3.54485, 50.05379 ], [ 3.61364, 50.02541 ], [ 3.71518, 50.06927 ], [ 3.74638, 50.05361 ], [ 3.9235, 50.02643 ], [ 3.98955, 50.04134 ], [ 3.98038, 49.99538 ], [ 4.05669, 49.98543 ], [ 4.08713, 49.96919 ], [ 4.14089, 49.97876 ], [ 4.13637, 50.02046 ], [ 4.16222, 50.04898 ], [ 4.228, 50.06637 ], [ 4.19989, 50.13108 ], [ 4.12692, 50.13501 ], [ 4.15512, 50.16677 ], [ 4.16012, 50.20254 ], [ 4.22185, 50.25695 ], [ 4.20325, 50.27452 ], [ 4.13665, 50.2743 ], [ 4.11996, 50.30006 ], [ 4.03762, 50.34295 ], [ 3.9679, 50.35037 ], [ 3.88979, 50.32998 ], [ 3.85276, 50.35159 ], [ 3.74741, 50.35093 ], [ 3.73173, 50.3119 ], [ 3.69443, 50.31583 ], [ 3.65827, 50.37134 ], [ 3.67371, 50.40424 ], [ 3.66422, 50.45317 ], [ 3.61302, 50.49247 ], [ 3.47396, 50.53356 ], [ 3.43225, 50.50712 ], [ 3.3739, 50.49183 ], [ 3.28652, 50.52758 ], [ 3.2703, 50.61081 ], [ 3.2485, 50.63804 ], [ 3.25838, 50.70065 ], [ 3.19123, 50.72441 ], [ 3.152, 50.78234 ], [ 3.06138, 50.7805 ], [ 2.93807, 50.74434 ], [ 2.89838, 50.69424 ], [ 2.84839, 50.72291 ], [ 2.81327, 50.71695 ], [ 2.71748, 50.81361 ], [ 2.63498, 50.81276 ], [ 2.59959, 50.85333 ], [ 2.60753, 50.91241 ], [ 2.63268, 50.94601 ], [ 2.57598, 51.01376 ], [ 2.54303, 51.08854 ], [ 2.42475, 51.05562 ], [ 2.34783, 51.05983 ], [ 2.19256, 51.02744 ], [ 2.1097, 51.00383 ], [ 2.0677, 51.0065 ] ] ] ] } },
{ "type": "Feature", "properties": { "nom": "Haute-Saône", "code": "70", "is_drom": false }, "geometry": { "type": "MultiPolygon", "coordinates": [ [ [ [ 5.88472, 47.92605 ], [ 5.82144, 47.86818 ], [ 5.7612, 47.85934 ], [ 5.74605, 47.82359 ], [ 5.69028, 47.8186 ], [ 5.67661, 47.77916 ], [ 5.70922, 47.74482 ], [ 5.68412, 47.71197 ], [ 5.69007, 47.68483 ], [ 5.59668, 47.67169 ], [ 5.5672, 47.70523 ], [ 5.52978, 47.67283 ], [ 5.48257, 47.6846 ], [ 5.40634, 47.6734 ], [ 5.37408, 47.60454 ], [ 5.42586, 47.63211 ], [ 5.47754, 47.60872 ], [ 5.49686, 47.54415 ], [ 5.44706, 47.49625 ], [ 5.39921, 47.49901 ], [ 5.45139, 47.38406 ], [ 5.49695, 47.39012 ], [ 5.49279, 47.33208 ], [ 5.51854, 47.30418 ], [ 5.53417, 47.28345 ], [ 5.60211, 47.26053 ], [ 5.69873, 47.265 ], [ 5.7323, 47.26357 ], [ 5.78391, 47.29063 ], [ 5.94137, 47.34426 ], [ 5.98936, 47.32763 ], [ 6.08004, 47.35403 ], [ 6.11666, 47.39318 ], [ 6.15224, 47.38612 ], [ 6.26233, 47.43057 ], [ 6.33435, 47.50597 ], [ 6.40137, 47.5203 ], [ 6.55356, 47.49279 ], [ 6.58364, 47.50998 ], [ 6.58177, 47.53987 ], [ 6.64672, 47.53526 ], [ 6.68556, 47.56296 ], [ 6.78097, 47.53641 ], [ 6.807, 47.5628 ], [ 6.78041, 47.62526 ], [ 6.7802, 47.68968 ], [ 6.75764, 47.74788 ], [ 6.82353, 47.81305 ], [ 6.78482, 47.84962 ], [ 6.73777, 47.86156 ], [ 6.64554, 47.90402 ], [ 6.60178, 47.9444 ], [ 6.54216, 47.90261 ], [ 6.47861, 47.88552 ], [ 6.43171, 47.94382 ], [ 6.36615, 47.96194 ], [ 6.27733, 47.95381 ], [ 6.23798, 47.93284 ], [ 6.16799, 47.95235 ], [ 6.15606, 48.00694 ], [ 6.07256, 48.01567 ], [ 6.04118, 48.00442 ], [ 6.00227, 47.95609 ], [ 5.94753, 47.97971 ], [ 5.88472, 47.92605 ] ] ] ] } },
{ "type": "Feature", "properties": { "nom": "Sarthe", "code": "72", "is_drom": false }, "geometry": { "type": "MultiPolygon", "coordinates": [ [ [ [ -0.05453, 48.382 ], [ -0.13798, 48.36136 ], [ -0.15791, 48.32371 ], [ -0.13893, 48.29836 ], [ -0.1631, 48.25554 ], [ -0.14683, 48.20501 ], [ -0.24992, 48.1571 ], [ -0.21718, 48.10696 ], [ -0.23094, 48.05898 ], [ -0.34166, 48.0431 ], [ -0.28263, 47.95819 ], [ -0.31987, 47.93544 ], [ -0.38484, 47.93084 ], [ -0.40517, 47.89293 ], [ -0.37067, 47.88003 ], [ -0.44786, 47.83221 ], [ -0.43409, 47.80905 ], [ -0.38821, 47.80532 ], [ -0.3817, 47.76057 ], [ -0.33407, 47.72116 ], [ -0.23306, 47.70756 ], [ -0.19315, 47.64792 ], [ -0.13504, 47.63252 ], [ -0.07183, 47.65801 ], [ -0.00451, 47.64769 ], [ 0.05166, 47.60651 ], [ 0.11569, 47.60573 ], [ 0.15161, 47.58153 ], [ 0.20177, 47.61058 ], [ 0.23, 47.6084 ], [ 0.32325, 47.59289 ], [ 0.37895, 47.5691 ], [ 0.40217, 47.579 ], [ 0.36465, 47.62601 ], [ 0.42391, 47.61782 ], [ 0.45663, 47.63883 ], [ 0.5429, 47.6562 ], [ 0.61443, 47.69422 ], [ 0.58052, 47.71233 ], [ 0.71263, 47.79004 ], [ 0.77457, 47.83968 ], [ 0.75987, 47.89822 ], [ 0.80913, 47.91066 ], [ 0.84579, 47.9414 ], [ 0.82428, 47.98214 ], [ 0.84053, 48.02105 ], [ 0.79748, 48.03756 ], [ 0.8346, 48.07015 ], [ 0.84122, 48.10306 ], [ 0.8825, 48.16177 ], [ 0.83683, 48.16735 ], [ 0.79766, 48.19445 ], [ 0.73783, 48.18907 ], [ 0.68322, 48.24859 ], [ 0.53597, 48.24984 ], [ 0.48758, 48.3078 ], [ 0.43133, 48.30664 ], [ 0.38261, 48.33383 ], [ 0.36396, 48.45163 ], [ 0.29586, 48.48017 ], [ 0.18981, 48.46189 ], [ 0.11625, 48.43556 ], [ 0.06249, 48.38221 ], [ -0.00256, 48.39731 ], [ -0.05453, 48.382 ] ] ] ] } },
{ "type": "Feature", "properties": { "nom": "Somme", "code": "80", "is_drom": false }, "geometry": { "type": "MultiPolygon", "coordinates": [ [ [ [ 1.3797, 50.06501 ], [ 1.44645, 50.06932 ], [ 1.45646, 50.03783 ], [ 1.57389, 49.97392 ], [ 1.59401, 49.94905 ], [ 1.67845, 49.91813 ], [ 1.71246, 49.88644 ], [ 1.72705, 49.82888 ], [ 1.78383, 49.75831 ], [ 1.83674, 49.74012 ], [ 1.8381, 49.70842 ], [ 1.89387, 49.69898 ], [ 1.9332, 49.71963 ], [ 2.03549, 49.7091 ], [ 2.06114, 49.6922 ], [ 2.1214, 49.68807 ], [ 2.15649, 49.70211 ], [ 2.24717, 49.70164 ], [ 2.37315, 49.65626 ], [ 2.50475, 49.63946 ], [ 2.5715, 49.59708 ], [ 2.67072, 49.58141 ], [ 2.68915, 49.6256 ], [ 2.7995, 49.62059 ], [ 2.79361, 49.65595 ], [ 2.84184, 49.65943 ], [ 2.85726, 49.68367 ], [ 2.91571, 49.70267 ], [ 2.98959, 49.70802 ], [ 3.02616, 49.6803 ], [ 3.06295, 49.71257 ], [ 3.1184, 49.70596 ], [ 3.09375, 49.75705 ], [ 3.07869, 49.82241 ], [ 3.11797, 49.91427 ], [ 3.19267, 49.97746 ], [ 3.1727, 50.012 ], [ 3.11756, 50.02767 ], [ 3.09025, 50.05374 ], [ 3.01444, 50.05915 ], [ 2.97153, 50.04136 ], [ 2.87653, 50.04218 ], [ 2.85785, 50.0774 ], [ 2.76313, 50.03864 ], [ 2.78184, 50.09111 ], [ 2.70882, 50.12849 ], [ 2.70305, 50.0957 ], [ 2.65113, 50.09526 ], [ 2.57602, 50.11341 ], [ 2.55133, 50.14161 ], [ 2.47668, 50.137 ], [ 2.41451, 50.10065 ], [ 2.37545, 50.10926 ], [ 2.38978, 50.15549 ], [ 2.41484, 50.17311 ], [ 2.49568, 50.19456 ], [ 2.45178, 50.2303 ], [ 2.40548, 50.23403 ], [ 2.3702, 50.20977 ], [ 2.27383, 50.22684 ], [ 2.17414, 50.2089 ], [ 2.09574, 50.20554 ], [ 2.07782, 50.24882 ], [ 1.94614, 50.28743 ], [ 1.918, 50.31178 ], [ 1.80509, 50.35956 ], [ 1.77878, 50.36187 ], [ 1.67071, 50.33101 ], [ 1.64154, 50.35215 ], [ 1.55094, 50.35032 ], [ 1.53794, 50.28267 ], [ 1.59027, 50.25595 ], [ 1.6225, 50.21515 ], [ 1.66267, 50.21359 ], [ 1.68379, 50.18303 ], [ 1.59619, 50.1855 ], [ 1.54844, 50.21522 ], [ 1.51244, 50.20171 ], [ 1.47871, 50.16491 ], [ 1.45388, 50.11033 ], [ 1.3797, 50.06501 ] ] ] ] } },
{ "type": "Feature", "properties": { "nom": "Essonne", "code": "91", "is_drom": false }, "geometry": { "type": "MultiPolygon", "coordinates": [ [ [ [ 2.22655, 48.7761 ], [ 2.11188, 48.73956 ], [ 2.08222, 48.68585 ], [ 2.04566, 48.68757 ], [ 2.02001, 48.64209 ], [ 2.0345, 48.6035 ], [ 2.01757, 48.55759 ], [ 1.96742, 48.53307 ], [ 1.93681, 48.50087 ], [ 1.92215, 48.4576 ], [ 1.93056, 48.40413 ], [ 1.97657, 48.39939 ], [ 1.99409, 48.28658 ], [ 2.11059, 48.29694 ], [ 2.18136, 48.31375 ], [ 2.29542, 48.30822 ], [ 2.31259, 48.3308 ], [ 2.36982, 48.30867 ], [ 2.40266, 48.32072 ], [ 2.42983, 48.36201 ], [ 2.53373, 48.41125 ], [ 2.50475, 48.43945 ], [ 2.49952, 48.52523 ], [ 2.54378, 48.60385 ], [ 2.53361, 48.65733 ], [ 2.57165, 48.69202 ], [ 2.53107, 48.69978 ], [ 2.50354, 48.73521 ], [ 2.45494, 48.72266 ], [ 2.3707, 48.72017 ], [ 2.32072, 48.74876 ], [ 2.31329, 48.73028 ], [ 2.22655, 48.7761 ] ] ] ] } },
{ "type": "Feature", "properties": { "nom": "Val-d'Oise", "code": "95", "is_drom": false }, "geometry": { "type": "MultiPolygon", "coordinates": [ [ [ [ 1.70436, 49.2322 ], [ 1.67574, 49.21187 ], [ 1.65578, 49.13016 ], [ 1.6088, 49.07789 ], [ 1.67369, 49.07815 ], [ 1.72345, 49.04497 ], [ 1.82394, 49.07636 ], [ 1.90852, 49.04802 ], [ 1.9378, 49.02177 ], [ 1.99189, 49.02101 ], [ 2.02477, 48.99876 ], [ 2.08491, 49.01467 ], [ 2.17328, 48.97563 ], [ 2.20586, 48.94974 ], [ 2.20059, 48.90868 ], [ 2.29097, 48.95097 ], [ 2.36645, 48.97418 ], [ 2.40739, 48.95612 ], [ 2.45949, 48.95505 ], [ 2.55306, 49.00982 ], [ 2.59053, 49.07965 ], [ 2.4409, 49.1458 ], [ 2.34626, 49.16182 ], [ 2.31093, 49.1864 ], [ 2.25248, 49.15288 ], [ 2.21865, 49.18069 ], [ 2.18195, 49.17368 ], [ 2.08089, 49.20977 ], [ 1.99682, 49.17645 ], [ 1.88523, 49.16264 ], [ 1.79547, 49.18526 ], [ 1.74214, 49.18015 ], [ 1.72966, 49.2292 ], [ 1.70436, 49.2322 ] ] ] ] } },
{ "type": "Feature", "properties": { "nom": "Loir-et-Cher", "code": "41", "is_drom": false }, "geometry": { "type": "MultiPolygon", "coordinates": [ [ [ [ 0.84122, 48.10306 ], [ 0.8346, 48.07015 ], [ 0.79748, 48.03756 ], [ 0.84053, 48.02105 ], [ 0.82428, 47.98214 ], [ 0.84579, 47.9414 ], [ 0.80913, 47.91066 ], [ 0.75987, 47.89822 ], [ 0.77457, 47.83968 ], [ 0.71263, 47.79004 ], [ 0.58052, 47.71233 ], [ 0.61443, 47.69422 ], [ 0.63087, 47.70935 ], [ 0.71215, 47.68181 ], [ 0.73532, 47.6954 ], [ 0.8595, 47.6692 ], [ 0.84592, 47.64775 ], [ 0.86389, 47.59963 ], [ 0.91901, 47.63261 ], [ 1.03335, 47.60701 ], [ 1.07633, 47.56322 ], [ 1.0453, 47.53149 ], [ 1.0945, 47.46932 ], [ 1.13236, 47.44647 ], [ 1.10748, 47.41132 ], [ 1.12283, 47.35402 ], [ 1.09486, 47.32853 ], [ 1.10812, 47.2984 ], [ 1.16206, 47.2722 ], [ 1.22353, 47.29408 ], [ 1.27691, 47.25471 ], [ 1.32666, 47.18622 ], [ 1.44846, 47.23796 ], [ 1.48127, 47.23911 ], [ 1.59243, 47.27668 ], [ 1.70583, 47.26588 ], [ 1.7761, 47.23138 ], [ 1.83908, 47.2193 ], [ 1.90407, 47.21565 ], [ 1.94082, 47.29013 ], [ 1.99704, 47.26544 ], [ 2.0792, 47.28535 ], [ 2.13899, 47.28549 ], [ 2.13473, 47.32117 ], [ 2.10169, 47.38678 ], [ 2.1889, 47.43779 ], [ 2.20522, 47.40525 ], [ 2.2437, 47.41482 ], [ 2.23822, 47.47234 ], [ 2.19564, 47.54857 ], [ 2.13126, 47.55027 ], [ 2.12797, 47.58469 ], [ 2.23921, 47.62098 ], [ 2.20255, 47.67814 ], [ 2.14851, 47.67042 ], [ 2.07355, 47.68183 ], [ 1.94242, 47.67563 ], [ 1.84369, 47.68635 ], [ 1.8429, 47.65684 ], [ 1.79859, 47.63844 ], [ 1.73994, 47.66153 ], [ 1.69735, 47.73839 ], [ 1.62663, 47.76097 ], [ 1.6086, 47.73393 ], [ 1.54788, 47.76976 ], [ 1.57054, 47.79659 ], [ 1.5337, 47.82053 ], [ 1.58813, 47.87643 ], [ 1.58142, 47.90193 ], [ 1.52543, 47.92912 ], [ 1.55197, 47.95308 ], [ 1.52012, 47.98227 ], [ 1.45519, 48.0086 ], [ 1.43724, 47.9765 ], [ 1.38694, 47.98128 ], [ 1.36545, 47.95474 ], [ 1.30863, 47.95385 ], [ 1.23682, 47.97879 ], [ 1.20965, 47.9685 ], [ 1.16177, 48.01974 ], [ 1.12124, 48.03912 ], [ 1.11224, 48.08073 ], [ 1.00855, 48.08313 ], [ 0.99732, 48.1275 ], [ 0.89093, 48.10206 ], [ 0.84122, 48.10306 ] ] ] ] } },
{ "type": "Feature", "properties": { "nom": "Mayenne", "code": "53", "is_drom": false }, "geometry": { "type": "MultiPolygon", "coordinates": [ [ [ [ -0.86036, 48.50146 ], [ -0.89625, 48.49508 ], [ -0.95637, 48.51662 ], [ -1.004, 48.48917 ], [ -1.07016, 48.50849 ], [ -1.06543, 48.4517 ], [ -1.08279, 48.43306 ], [ -1.05394, 48.38399 ], [ -1.04502, 48.32773 ], [ -1.08209, 48.29839 ], [ -1.10006, 48.25928 ], [ -1.06029, 48.15011 ], [ -1.04961, 48.0898 ], [ -1.02329, 48.06891 ], [ -1.02126, 47.99494 ], [ -1.10268, 47.98906 ], [ -1.15399, 47.96582 ], [ -1.18919, 47.86798 ], [ -1.23825, 47.80999 ], [ -1.14263, 47.77444 ], [ -1.09991, 47.78197 ], [ -0.97866, 47.76199 ], [ -0.95203, 47.7965 ], [ -0.8393, 47.75228 ], [ -0.81607, 47.77122 ], [ -0.74171, 47.73811 ], [ -0.61082, 47.73569 ], [ -0.58478, 47.75835 ], [ -0.53286, 47.75082 ], [ -0.50966, 47.78604 ], [ -0.46042, 47.76509 ], [ -0.3817, 47.76057 ], [ -0.38821, 47.80532 ], [ -0.43409, 47.80905 ], [ -0.44786, 47.83221 ], [ -0.37067, 47.88003 ], [ -0.40517, 47.89293 ], [ -0.38484, 47.93084 ], [ -0.31987, 47.93544 ], [ -0.28263, 47.95819 ], [ -0.34166, 48.0431 ], [ -0.23094, 48.05898 ], [ -0.21718, 48.10696 ], [ -0.24992, 48.1571 ], [ -0.14683, 48.20501 ], [ -0.1631, 48.25554 ], [ -0.13893, 48.29836 ], [ -0.15791, 48.32371 ], [ -0.13798, 48.36136 ], [ -0.05453, 48.382 ], [ -0.05189, 48.45326 ], [ -0.14872, 48.45807 ], [ -0.16938, 48.53697 ], [ -0.20694, 48.56295 ], [ -0.27823, 48.50699 ], [ -0.32023, 48.52292 ], [ -0.36762, 48.49294 ], [ -0.43076, 48.51182 ], [ -0.50506, 48.5058 ], [ -0.55172, 48.47312 ], [ -0.59534, 48.47263 ], [ -0.654, 48.44428 ], [ -0.66372, 48.48447 ], [ -0.7151, 48.44895 ], [ -0.75728, 48.43655 ], [ -0.86036, 48.50146 ] ] ] ] } },
{ "type": "Feature", "properties": { "nom": "Meurthe-et-Moselle", "code": "54", "is_drom": false }, "geometry": { "type": "MultiPolygon", "coordinates": [ [ [ [ 5.4709, 49.49721 ], [ 5.46178, 49.45269 ], [ 5.5291, 49.40737 ], [ 5.63457, 49.43744 ], [ 5.68815, 49.41511 ], [ 5.73178, 49.31134 ], [ 5.71904, 49.21598 ], [ 5.76554, 49.19809 ], [ 5.74447, 49.15659 ], [ 5.76336, 49.10788 ], [ 5.81864, 49.08617 ], [ 5.85418, 49.04242 ], [ 5.82307, 49.02311 ], [ 5.80024, 48.94675 ], [ 5.74716, 48.91526 ], [ 5.78097, 48.82674 ], [ 5.76773, 48.79014 ], [ 5.71403, 48.74453 ], [ 5.75771, 48.6957 ], [ 5.74534, 48.65219 ], [ 5.76177, 48.60939 ], [ 5.71866, 48.59034 ], [ 5.71609, 48.56143 ], [ 5.77622, 48.54036 ], [ 5.76515, 48.49649 ], [ 5.85608, 48.50685 ], [ 5.90562, 48.49494 ], [ 5.8869, 48.46007 ], [ 5.90795, 48.41754 ], [ 5.96156, 48.34989 ], [ 6.06602, 48.35928 ], [ 6.11673, 48.35404 ], [ 6.17842, 48.3976 ], [ 6.56698, 48.41903 ], [ 6.58497, 48.46051 ], [ 6.6237, 48.4731 ], [ 6.64829, 48.43389 ], [ 6.6995, 48.41308 ], [ 6.81517, 48.39885 ], [ 6.86599, 48.43056 ], [ 6.89081, 48.4181 ], [ 6.98298, 48.47906 ], [ 7.12316, 48.51359 ], [ 7.07936, 48.53642 ], [ 6.98288, 48.61187 ], [ 6.84405, 48.62597 ], [ 6.78249, 48.64272 ], [ 6.75467, 48.66939 ], [ 6.69228, 48.67284 ], [ 6.65841, 48.70804 ], [ 6.59897, 48.71569 ], [ 6.55415, 48.75409 ], [ 6.45361, 48.76589 ], [ 6.43351, 48.78904 ], [ 6.35504, 48.78166 ], [ 6.33895, 48.83405 ], [ 6.30333, 48.83818 ], [ 6.30297, 48.88669 ], [ 6.32726, 48.9052 ], [ 6.27198, 48.93314 ], [ 6.13221, 48.93472 ], [ 6.1169, 48.96783 ], [ 6.04343, 48.97747 ], [ 6.045, 49.01041 ], [ 5.97157, 49.04095 ], [ 5.9354, 49.07185 ], [ 5.9316, 49.10911 ], [ 5.9974, 49.10784 ], [ 5.98138, 49.14445 ], [ 6.02614, 49.16512 ], [ 5.98763, 49.20962 ], [ 6.02939, 49.23047 ], [ 5.98522, 49.30517 ], [ 5.94401, 49.33464 ], [ 5.92853, 49.3755 ], [ 5.94262, 49.45289 ], [ 5.8934, 49.49691 ], [ 5.84372, 49.51612 ], [ 5.83696, 49.54248 ], [ 5.79393, 49.55124 ], [ 5.71528, 49.53934 ], [ 5.65977, 49.55287 ], [ 5.61592, 49.52713 ], [ 5.55605, 49.52925 ], [ 5.4709, 49.49721 ] ] ] ] } },
{ "type": "Feature", "properties": { "nom": "Deux-Sèvres", "code": "79", "is_drom": false }, "geometry": { "type": "MultiPolygon", "coordinates": [ [ [ [ -0.89196, 46.97582 ], [ -0.87298, 46.94434 ], [ -0.82915, 46.93336 ], [ -0.81527, 46.87936 ], [ -0.78165, 46.84283 ], [ -0.70086, 46.80863 ], [ -0.72731, 46.76763 ], [ -0.65619, 46.70077 ], [ -0.64406, 46.63802 ], [ -0.61411, 46.62039 ], [ -0.60213, 46.53328 ], [ -0.63353, 46.52655 ], [ -0.61243, 46.45874 ], [ -0.64065, 46.41622 ], [ -0.5378, 46.38646 ], [ -0.55765, 46.36345 ], [ -0.69733, 46.32509 ], [ -0.75047, 46.30425 ], [ -0.73589, 46.26688 ], [ -0.75147, 46.24507 ], [ -0.69072, 46.21921 ], [ -0.61996, 46.13775 ], [ -0.547, 46.14423 ], [ -0.50609, 46.10671 ], [ -0.40051, 46.08472 ], [ -0.28174, 46.07975 ], [ -0.27303, 46.05731 ], [ -0.21297, 46.0441 ], [ -0.10294, 45.96966 ], [ -0.04143, 45.99348 ], [ -0.03199, 46.05592 ], [ 0.01927, 46.05285 ], [ 0.07297, 46.0939 ], [ 0.13569, 46.10405 ], [ 0.19735, 46.09555 ], [ 0.21492, 46.13884 ], [ 0.15511, 46.15717 ], [ 0.11284, 46.21093 ], [ 0.14344, 46.23012 ], [ 0.12884, 46.26723 ], [ 0.17737, 46.32811 ], [ 0.13759, 46.3494 ], [ 0.07822, 46.30494 ], [ 0.0376, 46.32553 ], [ 0.03422, 46.37349 ], [ -0.0171, 46.41132 ], [ -0.0147, 46.47507 ], [ -0.03135, 46.52498 ], [ 0.00789, 46.54798 ], [ -0.00802, 46.56754 ], [ 0.02599, 46.59474 ], [ -0.02655, 46.62886 ], [ -0.04043, 46.66372 ], [ -0.00695, 46.68291 ], [ 0.0007, 46.71623 ], [ -0.02032, 46.81265 ], [ -0.00777, 46.84747 ], [ -0.00904, 46.90748 ], [ -0.0877, 47.02313 ], [ -0.10212, 47.0648 ], [ -0.12838, 47.05443 ], [ -0.18484, 47.10833 ], [ -0.24153, 47.10573 ], [ -0.40078, 47.07077 ], [ -0.49534, 47.08239 ], [ -0.55953, 47.06188 ], [ -0.56547, 47.01942 ], [ -0.61998, 46.99332 ], [ -0.67605, 47.00012 ], [ -0.71305, 46.98607 ], [ -0.77388, 47.00425 ], [ -0.89196, 46.97582 ] ] ] ] } },
{ "type": "Feature", "properties": { "nom": "Territoire de Belfort", "code": "90", "is_drom": false }, "geometry": { "type": "MultiPolygon", "coordinates": [ [ [ [ 6.82353, 47.81305 ], [ 6.75764, 47.74788 ], [ 6.7802, 47.68968 ], [ 6.78041, 47.62526 ], [ 6.807, 47.5628 ], [ 6.81666, 47.54792 ], [ 6.90566, 47.54737 ], [ 6.90761, 47.49455 ], [ 6.94054, 47.43337 ], [ 6.99897, 47.4523 ], [ 6.98312, 47.4933 ], [ 7.02439, 47.50421 ], [ 7.07928, 47.48886 ], [ 7.13034, 47.50303 ], [ 7.1398, 47.52607 ], [ 7.10622, 47.55138 ], [ 7.08627, 47.59256 ], [ 7.02542, 47.59268 ], [ 7.00498, 47.61938 ], [ 7.04632, 47.6715 ], [ 7.01596, 47.74323 ], [ 6.94256, 47.76862 ], [ 6.86347, 47.78516 ], [ 6.84618, 47.82294 ], [ 6.82353, 47.81305 ] ] ] ] } },
{ "type": "Feature", "properties": { "nom": "Guadeloupe", "code": "971", "is_drom": true }, "geometry": { "type": "MultiPolygon", "coordinates": [ [ [ [ -61.32312, 15.94961 ], [ -61.3295, 15.89654 ], [ -61.27868, 15.86695 ], [ -61.23312, 15.88026 ], [ -61.20213, 15.90546 ], [ -61.20112, 15.94573 ], [ -61.24397, 15.99136 ], [ -61.29072, 16.0034 ], [ -61.32312, 15.94961 ] ] ], [ [ [ -61.78231, 16.1877 ], [ -61.77104, 16.13498 ], [ -61.77037, 16.06204 ], [ -61.74638, 16.01029 ], [ -61.71108, 15.97406 ], [ -61.69998, 15.94661 ], [ -61.63337, 15.96658 ], [ -61.57579, 16.02064 ], [ -61.55549, 16.05302 ], [ -61.55927, 16.09208 ], [ -61.58995, 16.19514 ], [ -61.58379, 16.23342 ], [ -61.56076, 16.2353 ], [ -61.55002, 16.27777 ], [ -61.61353, 16.26765 ], [ -61.62574, 16.30157 ], [ -61.71296, 16.33733 ], [ -61.74414, 16.36153 ], [ -61.7734, 16.34953 ], [ -61.80052, 16.31633 ], [ -61.80592, 16.25964 ], [ -61.78688, 16.22808 ], [ -61.78231, 16.1877 ] ] ], [ [ [ -61.49348, 16.35363 ], [ -61.53558, 16.33147 ], [ -61.54654, 16.25414 ], [ -61.52947, 16.21588 ], [ -61.4703, 16.19888 ], [ -61.41258, 16.21151 ], [ -61.33928, 16.24143 ], [ -61.28865, 16.24494 ], [ -61.24528, 16.27626 ], [ -61.28789, 16.32184 ], [ -61.37588, 16.34124 ], [ -61.40149, 16.37437 ], [ -61.39832, 16.43047 ], [ -61.41139, 16.4692 ], [ -61.47401, 16.51056 ], [ -61.53546, 16.45497 ], [ -61.52575, 16.39467 ], [ -61.50018, 16.38414 ], [ -61.49348, 16.35363 ] ] ] ] } },
{ "type": "Feature", "properties": { "nom": "Martinique", "code": "972", "is_drom": true }, "geometry": { "type": "MultiPolygon", "coordinates": [ [ [ [ -61.20405, 14.86191 ], [ -61.22715, 14.80414 ], [ -61.17655, 14.74121 ], [ -61.17573, 14.68712 ], [ -61.13728, 14.6353 ], [ -61.09065, 14.6 ], [ -61.04031, 14.60392 ], [ -60.99108, 14.55305 ], [ -61.01382, 14.53505 ], [ -61.06121, 14.55031 ], [ -61.09463, 14.52381 ], [ -61.08296, 14.47339 ], [ -61.05473, 14.45433 ], [ -61.02092, 14.48053 ], [ -60.99269, 14.46692 ], [ -60.92875, 14.46428 ], [ -60.87972, 14.44738 ], [ -60.89318, 14.41918 ], [ -60.85807, 14.39793 ], [ -60.82451, 14.44006 ], [ -60.81104, 14.47887 ], [ -60.8242, 14.52953 ], [ -60.87246, 14.59631 ], [ -60.87528, 14.6203 ], [ -60.93743, 14.68221 ], [ -60.91302, 14.69173 ], [ -60.96181, 14.73804 ], [ -60.96837, 14.76049 ], [ -61.02965, 14.82729 ], [ -61.05621, 14.83403 ], [ -61.12696, 14.87451 ], [ -61.1654, 14.87746 ], [ -61.20405, 14.86191 ] ] ] ] } },
{ "type": "Feature", "properties": { "nom": "Guyane", "code": "973", "is_drom": true }, "geometry": { "type": "MultiPolygon", "coordinates": [ [ [ [ -54.26287, 5.27638 ], [ -54.30811, 5.22527 ], [ -54.37534, 5.10786 ], [ -54.4155, 5.08468 ], [ -54.43785, 5.0173 ], [ -54.44612, 4.93497 ], [ -54.46897, 4.89036 ], [ -54.45997, 4.77777 ], [ -54.46626, 4.73984 ], [ -54.43541, 4.72478 ], [ -54.42367, 4.66545 ], [ -54.43635, 4.6363 ], [ -54.41524, 4.60647 ], [ -54.42513, 4.55621 ], [ -54.45003, 4.52588 ], [ -54.43242, 4.46795 ], [ -54.44074, 4.37274 ], [ -54.41152, 4.37362 ], [ -54.38586, 4.34922 ], [ -54.39444, 4.30653 ], [ -54.38232, 4.26327 ], [ -54.39574, 4.20215 ], [ -54.32544, 4.1501 ], [ -54.34432, 4.11344 ], [ -54.35757, 4.05014 ], [ -54.31805, 4.01315 ], [ -54.28997, 3.93576 ], [ -54.24919, 3.90884 ], [ -54.23689, 3.86047 ], [ -54.1965, 3.8514 ], [ -54.1977, 3.80548 ], [ -54.13038, 3.79997 ], [ -54.07899, 3.70645 ], [ -54.08284, 3.67441 ], [ -54.02941, 3.63121 ], [ -54.00319, 3.64509 ], [ -53.98058, 3.60833 ], [ -54.00927, 3.53782 ], [ -54.01213, 3.42703 ], [ -54.0591, 3.37838 ], [ -54.06424, 3.31265 ], [ -54.10047, 3.30037 ], [ -54.13629, 3.26601 ], [ -54.21384, 3.15018 ], [ -54.17367, 3.1056 ], [ -54.19067, 3.0696 ], [ -54.17053, 3.02001 ], [ -54.1814, 2.98371 ], [ -54.17283, 2.93859 ], [ -54.19386, 2.88723 ], [ -54.1794, 2.85852 ], [ -54.2062, 2.82857 ], [ -54.20863, 2.77662 ], [ -54.26472, 2.72315 ], [ -54.28001, 2.66659 ], [ -54.3172, 2.62682 ], [ -54.32281, 2.59282 ], [ -54.35291, 2.51857 ], [ -54.41951, 2.43684 ], [ -54.47175, 2.43548 ], [ -54.50498, 2.39109 ], [ -54.50998, 2.33665 ], [ -54.59044, 2.35193 ], [ -54.59182, 2.325 ], [ -54.54306, 2.32682 ], [ -54.53879, 2.27246 ], [ -54.50374, 2.25442 ], [ -54.46083, 2.20747 ], [ -54.39779, 2.19688 ], [ -54.36378, 2.21034 ], [ -54.36067, 2.1749 ], [ -54.28823, 2.14764 ], [ -54.22409, 2.1498 ], [ -54.19036, 2.17108 ], [ -54.15934, 2.12347 ], [ -54.11209, 2.11757 ], [ -54.08509, 2.14802 ], [ -54.06437, 2.19643 ], [ -54.01734, 2.18208 ], [ -53.99036, 2.2091 ], [ -53.9409, 2.21984 ], [ -53.93361, 2.26937 ], [ -53.88519, 2.27509 ], [ -53.88272, 2.3088 ], [ -53.81322, 2.31139 ], [ -53.79686, 2.36146 ], [ -53.74155, 2.37365 ], [ -53.72895, 2.31087 ], [ -53.66914, 2.30369 ], [ -53.65703, 2.28127 ], [ -53.60441, 2.2807 ], [ -53.54481, 2.25307 ], [ -53.49811, 2.25935 ], [ -53.46481, 2.25216 ], [ -53.43312, 2.28309 ], [ -53.37209, 2.313 ], [ -53.35633, 2.34785 ], [ -53.31715, 2.34008 ], [ -53.30087, 2.30703 ], [ -53.22666, 2.26359 ], [ -53.27204, 2.22206 ], [ -53.22609, 2.20247 ], [ -53.13385, 2.22535 ], [ -53.08026, 2.22253 ], [ -53.06, 2.19656 ], [ -52.9857, 2.16857 ], [ -52.90104, 2.19856 ], [ -52.86984, 2.26005 ], [ -52.83945, 2.29103 ], [ -52.79367, 2.30443 ], [ -52.71947, 2.34376 ], [ -52.71042, 2.35859 ], [ -52.66053, 2.37394 ], [ -52.65571, 2.40597 ], [ -52.61676, 2.47564 ], [ -52.55165, 2.52082 ], [ -52.56116, 2.55025 ], [ -52.52762, 2.58102 ], [ -52.55519, 2.64028 ], [ -52.52934, 2.65418 ], [ -52.47897, 2.75311 ], [ -52.4734, 2.79385 ], [ -52.41984, 2.89313 ], [ -52.39009, 2.89817 ], [ -52.39508, 2.92779 ], [ -52.32589, 3.07777 ], [ -52.35162, 3.12344 ], [ -52.33048, 3.16779 ], [ -52.29931, 3.17818 ], [ -52.29246, 3.22639 ], [ -52.25971, 3.25306 ], [ -52.23355, 3.24065 ], [ -52.18903, 3.30202 ], [ -52.08678, 3.48954 ], [ -52.06036, 3.51964 ], [ -52.01972, 3.59302 ], [ -51.98822, 3.62769 ], [ -51.98639, 3.67254 ], [ -51.95573, 3.72041 ], [ -51.92348, 3.72263 ], [ -51.92057, 3.78006 ], [ -51.87395, 3.80313 ], [ -51.85635, 3.83263 ], [ -51.79859, 3.88692 ], [ -51.78253, 3.92071 ], [ -51.78228, 3.96405 ], [ -51.74569, 4.00145 ], [ -51.67567, 4.03602 ], [ -51.65601, 4.05387 ], [ -51.62628, 4.19507 ], [ -51.65619, 4.22641 ], [ -51.70156, 4.29454 ], [ -51.71838, 4.34041 ], [ -51.71183, 4.38803 ], [ -51.75233, 4.41821 ], [ -51.74867, 4.44745 ], [ -51.77655, 4.4902 ], [ -51.78457, 4.57452 ], [ -51.79948, 4.61465 ], [ -51.86239, 4.6708 ], [ -51.91602, 4.66882 ], [ -52.00618, 4.70179 ], [ -52.01781, 4.71834 ], [ -52.11483, 4.78617 ], [ -52.18258, 4.8205 ], [ -52.20039, 4.8503 ], [ -52.22908, 4.8596 ], [ -52.26304, 4.91415 ], [ -52.30434, 4.95084 ], [ -52.33586, 4.94182 ], [ -52.35588, 4.91751 ], [ -52.42019, 4.98223 ], [ -52.46031, 5.01212 ], [ -52.54946, 5.10064 ], [ -52.57798, 5.10858 ], [ -52.62765, 5.14629 ], [ -52.66633, 5.20023 ], [ -52.7228, 5.23684 ], [ -52.76934, 5.27889 ], [ -52.78893, 5.308 ], [ -52.83161, 5.33325 ], [ -52.8556, 5.37785 ], [ -52.95635, 5.45554 ], [ -53.01432, 5.45531 ], [ -53.07473, 5.47019 ], [ -53.13078, 5.50678 ], [ -53.26934, 5.55223 ], [ -53.30891, 5.53845 ], [ -53.40302, 5.56367 ], [ -53.46917, 5.56623 ], [ -53.58439, 5.60946 ], [ -53.64703, 5.6403 ], [ -53.79923, 5.72388 ], [ -53.96834, 5.74516 ], [ -54.01195, 5.66347 ], [ -54.00365, 5.57306 ], [ -54.01881, 5.52144 ], [ -54.03746, 5.5101 ], [ -54.11748, 5.41737 ], [ -54.14794, 5.36262 ], [ -54.20848, 5.30324 ], [ -54.26287, 5.27638 ] ] ] ] } },
{ "type": "Feature", "properties": { "nom": "La Réunion", "code": "974", "is_drom": true }, "geometry": { "type": "MultiPolygon", "coordinates": [ [ [ [ 55.25415, -21.10974 ], [ 55.28673, -21.16064 ], [ 55.29413, -21.23037 ], [ 55.34082, -21.28081 ], [ 55.39069, -21.29216 ], [ 55.41743, -21.32015 ], [ 55.60901, -21.3869 ], [ 55.67086, -21.38382 ], [ 55.76077, -21.36357 ], [ 55.8073, -21.33676 ], [ 55.80202, -21.25782 ], [ 55.83663, -21.18341 ], [ 55.82674, -21.14576 ], [ 55.78007, -21.12189 ], [ 55.70779, -21.02803 ], [ 55.70068, -20.97861 ], [ 55.66438, -20.92516 ], [ 55.59245, -20.89596 ], [ 55.54156, -20.89467 ], [ 55.50287, -20.88227 ], [ 55.42114, -20.87444 ], [ 55.39404, -20.88299 ], [ 55.32505, -20.92956 ], [ 55.27823, -20.95205 ], [ 55.27483, -21.00324 ], [ 55.21714, -21.03647 ], [ 55.22124, -21.0781 ], [ 55.25415, -21.10974 ] ] ] ] } },
{ "type": "Feature", "properties": { "nom": "Mayotte", "code": "976", "is_drom": true }, "geometry": { "type": "MultiPolygon", "coordinates": [ [ [ [ 45.05158, -12.70168 ], [ 45.04256, -12.74425 ], [ 45.0946, -12.78448 ], [ 45.10184, -12.84494 ], [ 45.15502, -12.92237 ], [ 45.10717, -12.92412 ], [ 45.1109, -12.98632 ], [ 45.15116, -12.99858 ], [ 45.16885, -12.94961 ], [ 45.2173, -12.87772 ], [ 45.18755, -12.83846 ], [ 45.23598, -12.7814 ], [ 45.23594, -12.7527 ], [ 45.20486, -12.73081 ], [ 45.12544, -12.72734 ], [ 45.12682, -12.70142 ], [ 45.08988, -12.66751 ], [ 45.05158, -12.70168 ] ] ] ] } }
]
}
